person_id,method,matched_frames,valid_points,mpjpe,median,p95,evaluation_protocol
10,avg_body_current,949,66430,0.0839228180283742,0.063911916852645,0.2194902309391229,similarity_plus_hip_centering
100,avg_body_current,1112,77840,0.0520047615342018,0.0435281961486129,0.1171810426870043,similarity_plus_hip_centering
101,avg_body_current,977,68390,0.0440079758275582,0.0419558625722259,0.0906408703792105,similarity_plus_hip_centering
102,avg_body_current,1114,77980,0.0486999965107987,0.0421414412494444,0.1090162996728057,similarity_plus_hip_centering
103,avg_body_current,971,67970,0.0676024354692993,0.0564922749944722,0.1701175129190842,similarity_plus_hip_centering
104,avg_body_current,1083,75810,0.0508183171178125,0.0454565925170506,0.1039271263373015,similarity_plus_hip_centering
105,avg_body_current,1278,89460,0.063131333949795,0.0534114684875051,0.1521876933380597,similarity_plus_hip_centering
108,avg_body_current,1123,78610,0.073754074815566,0.0613271861423276,0.180256505006967,similarity_plus_hip_centering
109,avg_body_current,1145,80150,0.0896085351487147,0.0800388828510339,0.1889343454754885,similarity_plus_hip_centering
11,avg_body_current,1116,78120,0.0617798801666216,0.0565110948467841,0.1269760379941118,similarity_plus_hip_centering
110,avg_body_current,1113,77910,0.0588408880645576,0.0492733829459456,0.14290265230267,similarity_plus_hip_centering
111,avg_body_current,1106,77420,0.0785655310918737,0.0648776297162178,0.1779955171348343,similarity_plus_hip_centering
112,avg_body_current,1127,78890,0.0606685521931653,0.0538999464454585,0.134596720278822,similarity_plus_hip_centering
113,avg_body_current,1123,78610,0.0465533790612585,0.0385674284878204,0.1175351219907344,similarity_plus_hip_centering
114,avg_body_current,1431,100170,0.0593479387755489,0.051259375007348,0.1354015962585898,similarity_plus_hip_centering
115,avg_body_current,1141,79870,0.063236011710451,0.0515406987890405,0.1536551408806613,similarity_plus_hip_centering
119,avg_body_current,968,67760,0.0764816530202342,0.06270267113918,0.1809822268330247,similarity_plus_hip_centering
120,avg_body_current,957,66990,0.0909574665802212,0.072125415998604,0.2169453899265284,similarity_plus_hip_centering
121,avg_body_current,964,67480,0.1019413308872326,0.0826014869504427,0.2474973931488291,similarity_plus_hip_centering
122,avg_body_current,1110,77700,0.0732808336413158,0.0610113925371672,0.1599881898277394,similarity_plus_hip_centering
124,avg_body_current,1100,77000,0.0615615027376828,0.044064277911084,0.1679293964860614,similarity_plus_hip_centering
125,avg_body_current,955,66850,0.0884310743025545,0.0738549430233335,0.20573584282647,similarity_plus_hip_centering
127,avg_body_current,957,66990,0.0740912356931543,0.0579250288830973,0.1861291958344418,similarity_plus_hip_centering
128,avg_body_current,967,67690,0.1264376488063775,0.0874323270665623,0.3507148916484965,similarity_plus_hip_centering
129,avg_body_current,1107,77490,0.0834571410642793,0.0683128055582,0.1894103910532436,similarity_plus_hip_centering
131,avg_body_current,1112,77840,0.0675394287139176,0.0568481951132786,0.1599032373947855,similarity_plus_hip_centering
132,avg_body_current,1114,77980,0.0743721217603237,0.0643979731745637,0.1733972264708224,similarity_plus_hip_centering
133,avg_body_current,1119,78330,0.0825108884603819,0.0645773529999769,0.2140070887089645,similarity_plus_hip_centering
134,avg_body_current,1123,78610,0.0869529243079578,0.0716020610010151,0.2027448321790703,similarity_plus_hip_centering
138,avg_body_current,1120,78400,0.0658826590651394,0.0563484416279189,0.1450045990676327,similarity_plus_hip_centering
14,avg_body_current,946,66220,0.0539864752991732,0.0450198850837655,0.1252359886608186,similarity_plus_hip_centering
15,avg_body_current,1104,77280,0.0605014505631054,0.0510488285660625,0.1471465938101563,similarity_plus_hip_centering
16,avg_body_current,960,67200,0.0800577241205629,0.0671029275602472,0.1970943109406636,similarity_plus_hip_centering
18,avg_body_current,1109,77630,0.0560495442913603,0.0490829258943651,0.1236151156207909,similarity_plus_hip_centering
19,avg_body_current,955,66850,0.0711387736302579,0.0630737461064811,0.1512345558873013,similarity_plus_hip_centering
2,avg_body_current,1114,77980,0.062667451835409,0.052343492835856,0.153970791495137,similarity_plus_hip_centering
20,avg_body_current,1129,79030,0.0684165615153591,0.0612548013448209,0.1458544026474972,similarity_plus_hip_centering
21,avg_body_current,964,67480,0.0632962868694074,0.0546867996479602,0.1400021568990372,similarity_plus_hip_centering
22,avg_body_current,953,66710,0.0647614832692546,0.0507074782722769,0.1588933061783557,similarity_plus_hip_centering
25,avg_body_current,1128,78960,0.0810975203857158,0.0652684832153492,0.1981367079127914,similarity_plus_hip_centering
26,avg_body_current,961,67270,0.0569208356867955,0.0495740749462437,0.1251170491761332,similarity_plus_hip_centering
28,avg_body_current,1124,78680,0.0706543945919961,0.06032215602458,0.1685319866215386,similarity_plus_hip_centering
29,avg_body_current,1112,77840,0.0519478583832495,0.0456021960393527,0.1120784534482074,similarity_plus_hip_centering
3,avg_body_current,1119,78330,0.099743858856707,0.0891612286808667,0.2270996862247221,similarity_plus_hip_centering
30,avg_body_current,1119,78330,0.0727408089197981,0.0607841904623497,0.1674321544519903,similarity_plus_hip_centering
33,avg_body_current,958,67060,0.0679931729196838,0.0573541615338735,0.1576441411430697,similarity_plus_hip_centering
35,avg_body_current,1117,78190,0.0647076913090365,0.0592566705827371,0.1287007860591052,similarity_plus_hip_centering
39,avg_body_current,1028,71960,0.0542448756290264,0.0429420150275702,0.1389096332201163,similarity_plus_hip_centering
4,avg_body_current,1145,80150,0.0715840425003629,0.0599872963149386,0.1716534156342684,similarity_plus_hip_centering
40,avg_body_current,1128,78960,0.0772657994173161,0.0637479753866041,0.1961757405982957,similarity_plus_hip_centering
41,avg_body_current,1195,83650,0.047538897736738,0.0388917814583859,0.1231753340675136,similarity_plus_hip_centering
42,avg_body_current,1115,78050,0.058920066760571,0.0487844152858771,0.1471716738092625,similarity_plus_hip_centering
43,avg_body_current,1123,78610,0.0814129429812566,0.066495489861614,0.2004847138875182,similarity_plus_hip_centering
44,avg_body_current,1133,79310,0.0635680026599318,0.0534545371732075,0.1523515298747488,similarity_plus_hip_centering
46,avg_body_current,1116,78120,0.0634489502732047,0.0557171289750804,0.1311873646259448,similarity_plus_hip_centering
47,avg_body_current,1118,78260,0.0555377766143386,0.0495318498640056,0.1142873546486363,similarity_plus_hip_centering
5,avg_body_current,1110,77700,0.0539539939743878,0.0456107784262104,0.1302270562209229,similarity_plus_hip_centering
53,avg_body_current,961,67270,0.0562398514914071,0.045097475939794,0.1457030489563061,similarity_plus_hip_centering
54,avg_body_current,1119,78330,0.0591163912688557,0.0503888079658292,0.1351726446786908,similarity_plus_hip_centering
55,avg_body_current,1116,78120,0.0576220733282847,0.0512053726776605,0.1249543932439648,similarity_plus_hip_centering
56,avg_body_current,1094,76580,0.0641304753192095,0.0583295361749517,0.1315818450991616,similarity_plus_hip_centering
58,avg_body_current,1112,77840,0.0670854470934773,0.0549557704858018,0.1603412827855749,similarity_plus_hip_centering
59,avg_body_current,1075,75250,0.0648328966731515,0.0578383260686611,0.1363990208796402,similarity_plus_hip_centering
6,avg_body_current,1113,77910,0.0744074295535567,0.0573657961961563,0.2047366411857592,similarity_plus_hip_centering
61,avg_body_current,948,66360,0.0943149479190435,0.0794761246570959,0.2251001317461911,similarity_plus_hip_centering
62,avg_body_current,946,66220,0.0825677602889209,0.0664812868051844,0.1975925918222991,similarity_plus_hip_centering
63,avg_body_current,1114,77980,0.0867895594833865,0.0736595697824344,0.2088789734234586,similarity_plus_hip_centering
64,avg_body_current,1121,78470,0.0773660932783296,0.0688570876495712,0.1702048247170066,similarity_plus_hip_centering
65,avg_body_current,1124,78680,0.0684254352032246,0.0610859125084375,0.1415438185492749,similarity_plus_hip_centering
66,avg_body_current,965,67550,0.1010843199453708,0.0873154773735486,0.2188428422850265,similarity_plus_hip_centering
67,avg_body_current,1115,78050,0.0587155842521848,0.0492835239113382,0.1440579043861479,similarity_plus_hip_centering
68,avg_body_current,967,67690,0.0490291052168322,0.0430331391419804,0.1086694957806553,similarity_plus_hip_centering
69,avg_body_current,961,67270,0.0543507667930628,0.0410828160385183,0.1414831692616073,similarity_plus_hip_centering
7,avg_body_current,954,66780,0.0789522072516475,0.0629024423144306,0.2076460179297583,similarity_plus_hip_centering
70,avg_body_current,1128,78960,0.0562009962255026,0.0480318435973966,0.1266742697160665,similarity_plus_hip_centering
72,avg_body_current,1112,77840,0.0530572020195199,0.0471258084444352,0.1158609514263449,similarity_plus_hip_centering
74,avg_body_current,1126,78820,0.0678340415977327,0.0617450677587818,0.1452759231741995,similarity_plus_hip_centering
75,avg_body_current,1117,78190,0.0564231287014963,0.0478180103466426,0.1309319105171761,similarity_plus_hip_centering
76,avg_body_current,1060,74200,0.0524577864157295,0.044089260423125,0.1199790904437737,similarity_plus_hip_centering
77,avg_body_current,1119,78330,0.0483561740764167,0.0425828118752516,0.1114104671872454,similarity_plus_hip_centering
78,avg_body_current,957,66990,0.0531344100649458,0.0479801906395469,0.1138608804737886,similarity_plus_hip_centering
8,avg_body_current,1136,79520,0.0568829769802243,0.0498653288028751,0.1266474186675318,similarity_plus_hip_centering
80,avg_body_current,1102,77140,0.0643802953635603,0.0532425060894212,0.1520479656931128,similarity_plus_hip_centering
81,avg_body_current,1118,78260,0.0706710662941931,0.0590818270632997,0.1640924039694097,similarity_plus_hip_centering
82,avg_body_current,1111,77770,0.052395240468993,0.0441362942942074,0.124411759466506,similarity_plus_hip_centering
83,avg_body_current,1119,78330,0.066994651233177,0.0566339689202877,0.1684300964497877,similarity_plus_hip_centering
87,avg_body_current,1168,81760,0.0478195078094162,0.0409196747870559,0.1056768426897073,similarity_plus_hip_centering
9,avg_body_current,1114,77980,0.0576208586773727,0.0483777099359699,0.1352787785350809,similarity_plus_hip_centering
90,avg_body_current,959,67130,0.0607798453243053,0.0521810970762656,0.129808710989713,similarity_plus_hip_centering
91,avg_body_current,1113,77910,0.0431522404912195,0.0390186657773823,0.0945984621366302,similarity_plus_hip_centering
92,avg_body_current,1119,78330,0.0544757756791628,0.0457793845588273,0.1312823875172906,similarity_plus_hip_centering
93,avg_body_current,1111,77770,0.085017626236021,0.0739990969425276,0.1900037421098983,similarity_plus_hip_centering
94,avg_body_current,1123,78610,0.0563916139189735,0.0523529535463827,0.1222113664588764,similarity_plus_hip_centering
95,avg_body_current,1109,77630,0.0414325110368993,0.0333534715398699,0.1007622852712977,similarity_plus_hip_centering
97,avg_body_current,1107,77490,0.0415313386329885,0.0363465917767309,0.0923735368788245,similarity_plus_hip_centering
99,avg_body_current,1111,77770,0.0446166825818739,0.0372725055804185,0.1003735239572898,similarity_plus_hip_centering
107,avg_body_current,946,66220,0.051702784781583,0.0396599638905698,0.1494238362681358,similarity_plus_hip_centering
118,avg_body_current,1114,77980,0.0578824486111327,0.048836104536116,0.1326941311124213,similarity_plus_hip_centering
12,avg_body_current,955,66850,0.0651545419042644,0.0527265031956502,0.1741897589443209,similarity_plus_hip_centering
123,avg_body_current,1114,77980,0.0926882970434896,0.0767709320794673,0.2236087636973658,similarity_plus_hip_centering
126,avg_body_current,1130,79100,0.105283351298666,0.0798985855405258,0.2736668397876565,similarity_plus_hip_centering
13,avg_body_current,967,67690,0.0792056758582861,0.0664987804624684,0.1892981944365712,similarity_plus_hip_centering
137,avg_body_current,1112,77840,0.046216566147032,0.039566378730209,0.1058960765020654,similarity_plus_hip_centering
17,avg_body_current,1042,72940,0.0609954028357929,0.0519978499450593,0.1426308036906421,similarity_plus_hip_centering
23,avg_body_current,960,67200,0.0782550141289415,0.0630292927963163,0.1922817992705636,similarity_plus_hip_centering
27,avg_body_current,1132,79240,0.0585305295272412,0.049897184503894,0.1429716457092698,similarity_plus_hip_centering
31,avg_body_current,958,67060,0.0691050339434659,0.0550336508460489,0.1685369468897153,similarity_plus_hip_centering
32,avg_body_current,954,66780,0.0704191094261744,0.056728027834533,0.1693758113418114,similarity_plus_hip_centering
34,avg_body_current,960,67200,0.0734097449977432,0.0663317430026977,0.1576342667460274,similarity_plus_hip_centering
37,avg_body_current,943,66010,0.0598157505075645,0.048320923360497,0.138582175918048,similarity_plus_hip_centering
38,avg_body_current,952,66640,0.061174166191754,0.0482001467615146,0.1557641772872758,similarity_plus_hip_centering
45,avg_body_current,1123,78610,0.0536685540673989,0.0455052208027874,0.1158702937493848,similarity_plus_hip_centering
48,avg_body_current,1090,76300,0.0532071604434665,0.0461849035885168,0.1215943413023865,similarity_plus_hip_centering
50,avg_body_current,1120,78400,0.0708861122872443,0.0598783611338391,0.1645636115521974,similarity_plus_hip_centering
57,avg_body_current,1227,85890,0.0728307972492628,0.0658307410586616,0.1517198244649945,similarity_plus_hip_centering
71,avg_body_current,1120,78400,0.0643190214355336,0.0550363452079418,0.1447040290812782,similarity_plus_hip_centering
73,avg_body_current,1113,77910,0.057358034042419,0.0482038818516463,0.1322600393992035,similarity_plus_hip_centering
84,avg_body_current,1108,77560,0.0522606735436669,0.0447989833106985,0.1175030187942105,similarity_plus_hip_centering
86,avg_body_current,1115,78050,0.0420756805249952,0.0376271545513411,0.0938147450536935,similarity_plus_hip_centering
88,avg_body_current,962,67340,0.0731795680514972,0.0620409767735904,0.1574496572678745,similarity_plus_hip_centering
89,avg_body_current,1108,77560,0.0614859107680023,0.0513903031097403,0.1519119202723753,similarity_plus_hip_centering
96,avg_body_current,1110,77700,0.0539175090442404,0.0483223022461435,0.1198925781924801,similarity_plus_hip_centering
98,avg_body_current,1122,78540,0.0452909220198956,0.0392068951806652,0.1062044100977044,similarity_plus_hip_centering
1,avg_body_current,955,66850,0.0597813652534011,0.0505368673046243,0.1460585328370597,similarity_plus_hip_centering
106,avg_body_current,1121,78470,0.0763117622670871,0.0642338282565266,0.1833896024315748,similarity_plus_hip_centering
116,avg_body_current,1153,80710,0.0597253560943097,0.0509098892429827,0.1407974683617613,similarity_plus_hip_centering
117,avg_body_current,1114,77980,0.0579773961490078,0.0463077354681466,0.1442723578860715,similarity_plus_hip_centering
130,avg_body_current,1117,78190,0.078008985755072,0.0622400654224713,0.1966015677119908,similarity_plus_hip_centering
136,avg_body_current,949,66430,0.0689794332533419,0.0641691325021489,0.141655701959749,similarity_plus_hip_centering
24,avg_body_current,949,66430,0.0638938099042948,0.0540856142868293,0.1471844758456812,similarity_plus_hip_centering
36,avg_body_current,1112,77840,0.0525755849554172,0.0459227393851941,0.1202126371263749,similarity_plus_hip_centering
49,avg_body_current,1125,78750,0.0577645106277067,0.0499644345897498,0.137630433179011,similarity_plus_hip_centering
51,avg_body_current,1110,77700,0.0566203008084226,0.0469297025269883,0.1302561146283979,similarity_plus_hip_centering
52,avg_body_current,1122,78540,0.0539762750455623,0.0465070238364268,0.125972034975658,similarity_plus_hip_centering
60,avg_body_current,1123,78610,0.0643011734258108,0.0521052166246971,0.1606928944085095,similarity_plus_hip_centering
79,avg_body_current,1115,78050,0.0567533157459527,0.0490563838445009,0.1347807539161862,similarity_plus_hip_centering
85,avg_body_current,966,67620,0.0449334082070077,0.0373306115236676,0.1057259669716302,similarity_plus_hip_centering
10,extrinsic_r_average,949,66430,0.0841420723167354,0.0632215064108208,0.2239986569881387,similarity_plus_hip_centering
100,extrinsic_r_average,1112,77840,0.0476502354369289,0.0396822481021768,0.1119324057249375,similarity_plus_hip_centering
101,extrinsic_r_average,977,68390,0.0428306502249221,0.0418153734886208,0.0895605391123518,similarity_plus_hip_centering
102,extrinsic_r_average,1114,77980,0.0461512574758344,0.0406523629422522,0.1026670320537612,similarity_plus_hip_centering
103,extrinsic_r_average,971,67970,0.0676961066423055,0.0571713015811987,0.1714876924849032,similarity_plus_hip_centering
104,extrinsic_r_average,1083,75810,0.0500702472480363,0.0443747742961566,0.1032106529420825,similarity_plus_hip_centering
105,extrinsic_r_average,1278,89460,0.0599304246684641,0.0493051399650499,0.1533793501336666,similarity_plus_hip_centering
108,extrinsic_r_average,1123,78610,0.0726123773105216,0.0591822279324369,0.1837895047663737,similarity_plus_hip_centering
109,extrinsic_r_average,1145,80150,0.0939539161121137,0.0821766418189131,0.2052497659836158,similarity_plus_hip_centering
11,extrinsic_r_average,1116,78120,0.0609909413198377,0.0546463150924011,0.1273577104334829,similarity_plus_hip_centering
110,extrinsic_r_average,1113,77910,0.0576170315703399,0.0483155580165266,0.1420099373741652,similarity_plus_hip_centering
111,extrinsic_r_average,1106,77420,0.0783893975997924,0.0641272691099375,0.1853599567606798,similarity_plus_hip_centering
112,extrinsic_r_average,1127,78890,0.0556233401629496,0.0462334185611776,0.1313746628469403,similarity_plus_hip_centering
113,extrinsic_r_average,1123,78610,0.0453775658543302,0.0381210436530561,0.1153917372572198,similarity_plus_hip_centering
114,extrinsic_r_average,1431,100170,0.0575905240456619,0.0501213301305013,0.13295599967521,similarity_plus_hip_centering
115,extrinsic_r_average,1141,79870,0.0607598605424436,0.0496728520794905,0.145739310079912,similarity_plus_hip_centering
119,extrinsic_r_average,968,67760,0.0689138743659002,0.0540878638953718,0.1761095199601335,similarity_plus_hip_centering
120,extrinsic_r_average,957,66990,0.0841988690507686,0.0669852942026644,0.2013258672180014,similarity_plus_hip_centering
121,extrinsic_r_average,964,67480,0.0966383180302856,0.0729514105165447,0.2384388778735366,similarity_plus_hip_centering
122,extrinsic_r_average,1110,77700,0.0670426848812809,0.0554272743766617,0.1488633926346805,similarity_plus_hip_centering
124,extrinsic_r_average,1100,77000,0.0621188057122735,0.043657308644096,0.1710760181528321,similarity_plus_hip_centering
125,extrinsic_r_average,955,66850,0.0802402212174309,0.0638280420304926,0.1954198832154392,similarity_plus_hip_centering
127,extrinsic_r_average,957,66990,0.0722248045931004,0.0546220170597236,0.1857722227879184,similarity_plus_hip_centering
128,extrinsic_r_average,967,67690,0.1258879465808398,0.0882047604188361,0.340010853859405,similarity_plus_hip_centering
129,extrinsic_r_average,1107,77490,0.0828119769296028,0.0674079005497679,0.1913359575132409,similarity_plus_hip_centering
131,extrinsic_r_average,1112,77840,0.062302556920545,0.0519513830003799,0.150574723012398,similarity_plus_hip_centering
132,extrinsic_r_average,1114,77980,0.0774305169230659,0.0674817675984097,0.1723023446325543,similarity_plus_hip_centering
133,extrinsic_r_average,1119,78330,0.0834678651139526,0.0640714517657089,0.2244192495375855,similarity_plus_hip_centering
134,extrinsic_r_average,1123,78610,0.0810931095790502,0.0660664552236315,0.1890925749468316,similarity_plus_hip_centering
138,extrinsic_r_average,1120,78400,0.0635186384842671,0.0530214923331633,0.1434113153766452,similarity_plus_hip_centering
14,extrinsic_r_average,946,66220,0.051307946896914,0.0425146726374739,0.1218009799629749,similarity_plus_hip_centering
15,extrinsic_r_average,1104,77280,0.0572518599799209,0.0482222206212815,0.1448693372924504,similarity_plus_hip_centering
16,extrinsic_r_average,960,67200,0.08225589194991,0.0678533105651314,0.2110090178396238,similarity_plus_hip_centering
18,extrinsic_r_average,1109,77630,0.0567314798482089,0.048601737493396,0.1270030174892005,similarity_plus_hip_centering
19,extrinsic_r_average,955,66850,0.0646038235164825,0.0565544276627934,0.1427184007366506,similarity_plus_hip_centering
2,extrinsic_r_average,1114,77980,0.0621150662411384,0.0514159316794568,0.1573477769852025,similarity_plus_hip_centering
20,extrinsic_r_average,1129,79030,0.0664818956422916,0.0587341777191479,0.1470189815745732,similarity_plus_hip_centering
21,extrinsic_r_average,964,67480,0.0621902733039928,0.0519537813155361,0.1397081422637527,similarity_plus_hip_centering
22,extrinsic_r_average,953,66710,0.0623176360649263,0.0481130644590828,0.1604866550984623,similarity_plus_hip_centering
25,extrinsic_r_average,1128,78960,0.0747028944188354,0.058517945583148,0.1930687999459334,similarity_plus_hip_centering
26,extrinsic_r_average,961,67270,0.0553999625637,0.0481856889306637,0.1214041816808689,similarity_plus_hip_centering
28,extrinsic_r_average,1124,78680,0.0652092423359904,0.054875542532922,0.163891455893902,similarity_plus_hip_centering
29,extrinsic_r_average,1112,77840,0.0497359139505539,0.0420944311149238,0.1116473113635886,similarity_plus_hip_centering
3,extrinsic_r_average,1119,78330,0.0985506751332728,0.0872421852362035,0.2116531269637606,similarity_plus_hip_centering
30,extrinsic_r_average,1119,78330,0.0712754196081182,0.057436895019465,0.1642586236243035,similarity_plus_hip_centering
33,extrinsic_r_average,958,67060,0.0644918753227333,0.0526152073598722,0.1500600680323943,similarity_plus_hip_centering
35,extrinsic_r_average,1117,78190,0.0592453016885487,0.0528157563291841,0.1286167354216246,similarity_plus_hip_centering
39,extrinsic_r_average,1028,71960,0.053959300296147,0.0412861667315836,0.1421158308707109,similarity_plus_hip_centering
4,extrinsic_r_average,1145,80150,0.070809162568838,0.0561307997157926,0.1791242174203742,similarity_plus_hip_centering
40,extrinsic_r_average,1128,78960,0.0769414776476514,0.0638366523767131,0.1914242581785901,similarity_plus_hip_centering
41,extrinsic_r_average,1195,83650,0.04608888389352,0.0367859589133955,0.1219340775851765,similarity_plus_hip_centering
42,extrinsic_r_average,1115,78050,0.0553818433925282,0.0453800158493773,0.1441486081794828,similarity_plus_hip_centering
43,extrinsic_r_average,1123,78610,0.081579983622796,0.0676968872063809,0.2000237899633594,similarity_plus_hip_centering
44,extrinsic_r_average,1133,79310,0.0619154250830294,0.0497129400040655,0.1523330188651304,similarity_plus_hip_centering
46,extrinsic_r_average,1116,78120,0.0621956840699631,0.0543340471774937,0.1295873253134627,similarity_plus_hip_centering
47,extrinsic_r_average,1118,78260,0.0526602339877113,0.0458636919106411,0.110513976948076,similarity_plus_hip_centering
5,extrinsic_r_average,1110,77700,0.0517478947422513,0.0428996045517582,0.1284178777207816,similarity_plus_hip_centering
53,extrinsic_r_average,961,67270,0.0557710789655524,0.0446613054253031,0.1454691992597566,similarity_plus_hip_centering
54,extrinsic_r_average,1119,78330,0.0582694003069386,0.0489595934658714,0.1349518309912454,similarity_plus_hip_centering
55,extrinsic_r_average,1116,78120,0.0548832513315366,0.0489949336081972,0.1166520788175339,similarity_plus_hip_centering
56,extrinsic_r_average,1094,76580,0.0587138367499811,0.0520687588996989,0.1263354656358609,similarity_plus_hip_centering
58,extrinsic_r_average,1112,77840,0.0617814765383555,0.0462654032499097,0.1568758636675671,similarity_plus_hip_centering
59,extrinsic_r_average,1075,75250,0.0654982585520221,0.0576611319983395,0.1411127359193776,similarity_plus_hip_centering
6,extrinsic_r_average,1113,77910,0.0729011912632403,0.0550998117860127,0.2110218799893107,similarity_plus_hip_centering
61,extrinsic_r_average,948,66360,0.0978891006347,0.0817393116463809,0.2452043436274223,similarity_plus_hip_centering
62,extrinsic_r_average,946,66220,0.0792361892260466,0.06418443378138,0.1901013825513571,similarity_plus_hip_centering
63,extrinsic_r_average,1114,77980,0.0870723762936546,0.0718522685656325,0.219916856013319,similarity_plus_hip_centering
64,extrinsic_r_average,1121,78470,0.0784901838883741,0.0684651101735039,0.1813367211762508,similarity_plus_hip_centering
65,extrinsic_r_average,1124,78680,0.0608965621021018,0.0512539041423152,0.1294074583768021,similarity_plus_hip_centering
66,extrinsic_r_average,965,67550,0.1033212940306793,0.0894560602306304,0.2347706800504899,similarity_plus_hip_centering
67,extrinsic_r_average,1115,78050,0.0572412123979751,0.0471565970561769,0.1421993819916238,similarity_plus_hip_centering
68,extrinsic_r_average,967,67690,0.0425378199485432,0.0363971394547033,0.096426745983551,similarity_plus_hip_centering
69,extrinsic_r_average,961,67270,0.0536829049368192,0.0404154952531433,0.1423241838907676,similarity_plus_hip_centering
7,extrinsic_r_average,954,66780,0.0791813502354464,0.0628669198344658,0.2122096264453077,similarity_plus_hip_centering
70,extrinsic_r_average,1128,78960,0.0515697489490395,0.0425082869787624,0.1217618481464586,similarity_plus_hip_centering
72,extrinsic_r_average,1112,77840,0.0507057474804153,0.0441965734961706,0.1145248721700666,similarity_plus_hip_centering
74,extrinsic_r_average,1126,78820,0.0652515593402097,0.0578530368984247,0.1435234809537683,similarity_plus_hip_centering
75,extrinsic_r_average,1117,78190,0.0509574733045927,0.0417295299362163,0.1234906017244713,similarity_plus_hip_centering
76,extrinsic_r_average,1060,74200,0.0502700856849883,0.0411560729779974,0.1174305881550937,similarity_plus_hip_centering
77,extrinsic_r_average,1119,78330,0.0496741819393048,0.0429816334152055,0.1160370080758438,similarity_plus_hip_centering
78,extrinsic_r_average,957,66990,0.0540196822267586,0.0480870450176666,0.1172048758336004,similarity_plus_hip_centering
8,extrinsic_r_average,1136,79520,0.0524896745648188,0.0450033902958229,0.1202599329808194,similarity_plus_hip_centering
80,extrinsic_r_average,1102,77140,0.0603430866207684,0.0493012838550871,0.141245268943567,similarity_plus_hip_centering
81,extrinsic_r_average,1118,78260,0.0695124119388828,0.0572946174406924,0.1676507557541221,similarity_plus_hip_centering
82,extrinsic_r_average,1111,77770,0.049040004660564,0.0409157653295168,0.1200463698611837,similarity_plus_hip_centering
83,extrinsic_r_average,1119,78330,0.0663786149837106,0.0549775268569934,0.1725119834973158,similarity_plus_hip_centering
87,extrinsic_r_average,1168,81760,0.0458333144132032,0.0383143903243746,0.1019265460311657,similarity_plus_hip_centering
9,extrinsic_r_average,1114,77980,0.0540293173395064,0.0452711584786095,0.1319798328243937,similarity_plus_hip_centering
90,extrinsic_r_average,959,67130,0.0554084010284856,0.0466454900133401,0.1234789675311752,similarity_plus_hip_centering
91,extrinsic_r_average,1113,77910,0.0394989093096782,0.035356408785871,0.0856037217266266,similarity_plus_hip_centering
92,extrinsic_r_average,1119,78330,0.0538553950269594,0.0447993158663338,0.1319841169839526,similarity_plus_hip_centering
93,extrinsic_r_average,1111,77770,0.0856907047039478,0.0728967640214922,0.2007642680119293,similarity_plus_hip_centering
94,extrinsic_r_average,1123,78610,0.0578536156926029,0.0539624914526251,0.1268694373785876,similarity_plus_hip_centering
95,extrinsic_r_average,1109,77630,0.041568109106516,0.0329892001400019,0.1031629660402238,similarity_plus_hip_centering
97,extrinsic_r_average,1107,77490,0.0413891878188517,0.0349476773495971,0.0939057558341225,similarity_plus_hip_centering
99,extrinsic_r_average,1111,77770,0.0426847631154529,0.0357452035897869,0.0977913302455291,similarity_plus_hip_centering
107,extrinsic_r_average,946,66220,0.0505633601998785,0.037972000953545,0.1501316167126987,similarity_plus_hip_centering
118,extrinsic_r_average,1114,77980,0.0560074941508397,0.0454102786293217,0.1338678705684396,similarity_plus_hip_centering
12,extrinsic_r_average,955,66850,0.0612432851523749,0.0482968499513875,0.1711214097503495,similarity_plus_hip_centering
123,extrinsic_r_average,1114,77980,0.0930834839633396,0.0732379813601793,0.2306652602094717,similarity_plus_hip_centering
126,extrinsic_r_average,1130,79100,0.1021593612312481,0.0742462081115297,0.2584978336271852,similarity_plus_hip_centering
13,extrinsic_r_average,967,67690,0.0833894865066233,0.0694202783893686,0.2025919384497809,similarity_plus_hip_centering
137,extrinsic_r_average,1112,77840,0.0442323028331423,0.03840215684578,0.1023790394320226,similarity_plus_hip_centering
17,extrinsic_r_average,1042,72940,0.0554812904353479,0.0456454241819795,0.1364599368013164,similarity_plus_hip_centering
23,extrinsic_r_average,960,67200,0.0775449075497867,0.0628132741675027,0.1960831586382565,similarity_plus_hip_centering
27,extrinsic_r_average,1132,79240,0.0528293036246114,0.0422316002942036,0.1381289498862605,similarity_plus_hip_centering
31,extrinsic_r_average,958,67060,0.0624239847049784,0.0473480210308083,0.1622648681185313,similarity_plus_hip_centering
32,extrinsic_r_average,954,66780,0.0689262456066741,0.0547246462615618,0.1743331541820997,similarity_plus_hip_centering
34,extrinsic_r_average,960,67200,0.0652033344411311,0.057535005470179,0.1383665749561426,similarity_plus_hip_centering
37,extrinsic_r_average,943,66010,0.0612779960322348,0.0477877088137999,0.1468596113334384,similarity_plus_hip_centering
38,extrinsic_r_average,952,66640,0.0584450851085247,0.0452847414931533,0.1509835956905528,similarity_plus_hip_centering
45,extrinsic_r_average,1123,78610,0.0524706800177228,0.0441236380310906,0.1153288883238509,similarity_plus_hip_centering
48,extrinsic_r_average,1090,76300,0.0493597876397898,0.0404893085223509,0.1177235227274602,similarity_plus_hip_centering
50,extrinsic_r_average,1120,78400,0.0701322499914782,0.0594446924190876,0.1685895813573175,similarity_plus_hip_centering
57,extrinsic_r_average,1227,85890,0.0655860870023712,0.0567427887476936,0.1423927344295608,similarity_plus_hip_centering
71,extrinsic_r_average,1120,78400,0.0580975446903646,0.0479925592978611,0.138702425799976,similarity_plus_hip_centering
73,extrinsic_r_average,1113,77910,0.0576051477197775,0.047145678669789,0.1376145271472618,similarity_plus_hip_centering
84,extrinsic_r_average,1108,77560,0.0441498719721147,0.036350587576386,0.107634113501527,similarity_plus_hip_centering
86,extrinsic_r_average,1115,78050,0.0384686374410592,0.0343061969621393,0.0890432399387625,similarity_plus_hip_centering
88,extrinsic_r_average,962,67340,0.0671972074517475,0.0568246293588228,0.1469958032669067,similarity_plus_hip_centering
89,extrinsic_r_average,1108,77560,0.0593864226988962,0.0494740916798067,0.1514484247229337,similarity_plus_hip_centering
96,extrinsic_r_average,1110,77700,0.0530646004608951,0.0486860867234698,0.115829079361849,similarity_plus_hip_centering
98,extrinsic_r_average,1122,78540,0.0438690228996814,0.0366767448992777,0.1049517012969823,similarity_plus_hip_centering
1,extrinsic_r_average,955,66850,0.056578774741132,0.0468778603155278,0.144141052055889,similarity_plus_hip_centering
106,extrinsic_r_average,1121,78470,0.0768799635538791,0.0616268729978266,0.1864158337735431,similarity_plus_hip_centering
116,extrinsic_r_average,1153,80710,0.0609264234047955,0.0507278576860902,0.1422876298112916,similarity_plus_hip_centering
117,extrinsic_r_average,1114,77980,0.0612234271882255,0.0476291009887142,0.1576115657050436,similarity_plus_hip_centering
130,extrinsic_r_average,1117,78190,0.073194930038254,0.0577844707259769,0.1865129365466025,similarity_plus_hip_centering
136,extrinsic_r_average,949,66430,0.0656938045404988,0.0597902616171578,0.1393661821857585,similarity_plus_hip_centering
24,extrinsic_r_average,949,66430,0.0639137237583893,0.0521330597021527,0.1500602723512385,similarity_plus_hip_centering
36,extrinsic_r_average,1112,77840,0.0518173676651013,0.0453422266822278,0.1160469974683095,similarity_plus_hip_centering
49,extrinsic_r_average,1125,78750,0.0548354991111773,0.0466355880480554,0.1343406062535956,similarity_plus_hip_centering
51,extrinsic_r_average,1110,77700,0.0524036527160489,0.0420354781895817,0.1249538317734898,similarity_plus_hip_centering
52,extrinsic_r_average,1122,78540,0.051820662753342,0.0438016574916873,0.1238795477342134,similarity_plus_hip_centering
60,extrinsic_r_average,1123,78610,0.0627738610715542,0.0497805700997637,0.1648214711178484,similarity_plus_hip_centering
79,extrinsic_r_average,1115,78050,0.0553812675582353,0.0473270653490211,0.1334665169128003,similarity_plus_hip_centering
85,extrinsic_r_average,966,67620,0.0396973537870739,0.0320912006520952,0.1042443536140756,similarity_plus_hip_centering
10,extrinsic_r_quality_average,949,66430,0.0890443005380903,0.0668020356746188,0.2431785004973101,similarity_plus_hip_centering
100,extrinsic_r_quality_average,1112,77840,0.0482274635577964,0.0408037837725422,0.1076897833085088,similarity_plus_hip_centering
101,extrinsic_r_quality_average,977,68390,0.0436212480194672,0.0412563093105407,0.0920881812157657,similarity_plus_hip_centering
102,extrinsic_r_quality_average,1114,77980,0.0465710148115314,0.0405399477404197,0.1034499213730501,similarity_plus_hip_centering
103,extrinsic_r_quality_average,971,67970,0.0682864030502549,0.0560179429210308,0.1786818030949033,similarity_plus_hip_centering
104,extrinsic_r_quality_average,1083,75810,0.0521760998010651,0.0461446379006448,0.1095050521267987,similarity_plus_hip_centering
105,extrinsic_r_quality_average,1278,89460,0.0604006218611468,0.0497958659012491,0.1550381479138691,similarity_plus_hip_centering
108,extrinsic_r_quality_average,1123,78610,0.0715598817610512,0.0578579879381904,0.1824119169633921,similarity_plus_hip_centering
109,extrinsic_r_quality_average,1145,80150,0.0951912329082055,0.0837836056871827,0.2096673023775609,similarity_plus_hip_centering
11,extrinsic_r_quality_average,1116,78120,0.0617970190513399,0.0554103851418946,0.1333124482349115,similarity_plus_hip_centering
110,extrinsic_r_quality_average,1113,77910,0.057330137092315,0.04739169693077,0.1429809102943694,similarity_plus_hip_centering
111,extrinsic_r_quality_average,1106,77420,0.0779756359836434,0.0633877605396274,0.1856978681514413,similarity_plus_hip_centering
112,extrinsic_r_quality_average,1127,78890,0.0564065697583838,0.0481328416813737,0.1289532500783406,similarity_plus_hip_centering
113,extrinsic_r_quality_average,1123,78610,0.0458480432013631,0.0380100448145992,0.1173775948885328,similarity_plus_hip_centering
114,extrinsic_r_quality_average,1431,100170,0.057684301311404,0.0499389552340574,0.1313696151075549,similarity_plus_hip_centering
115,extrinsic_r_quality_average,1141,79870,0.0624994361141054,0.0500322917298172,0.1566067784297022,similarity_plus_hip_centering
119,extrinsic_r_quality_average,968,67760,0.069624122879162,0.0542358848141835,0.1801274299847905,similarity_plus_hip_centering
120,extrinsic_r_quality_average,957,66990,0.086080215500125,0.066971120433471,0.209845021969978,similarity_plus_hip_centering
121,extrinsic_r_quality_average,964,67480,0.0977375317571119,0.0707011613428963,0.2579506560888696,similarity_plus_hip_centering
122,extrinsic_r_quality_average,1110,77700,0.0659116677231143,0.0545700933489097,0.1473224713578954,similarity_plus_hip_centering
124,extrinsic_r_quality_average,1100,77000,0.0640773456315843,0.0449327908401686,0.1804466912220867,similarity_plus_hip_centering
125,extrinsic_r_quality_average,955,66850,0.0822835815914858,0.0643277939055706,0.2049543986459241,similarity_plus_hip_centering
127,extrinsic_r_quality_average,957,66990,0.0733333555903444,0.055506967667912,0.1901408150309458,similarity_plus_hip_centering
128,extrinsic_r_quality_average,967,67690,0.1289648092892292,0.089804949100886,0.3535065089468195,similarity_plus_hip_centering
129,extrinsic_r_quality_average,1107,77490,0.0820271597614582,0.0657058675081091,0.1968407048088457,similarity_plus_hip_centering
131,extrinsic_r_quality_average,1112,77840,0.0619068919821367,0.0517925409841731,0.1494797618969245,similarity_plus_hip_centering
132,extrinsic_r_quality_average,1114,77980,0.0796806053301328,0.0679146849450537,0.1831290502151444,similarity_plus_hip_centering
133,extrinsic_r_quality_average,1119,78330,0.0832607785735509,0.0633671842243761,0.2229809893835829,similarity_plus_hip_centering
134,extrinsic_r_quality_average,1123,78610,0.0829910551736164,0.0665175367768877,0.1973529553933391,similarity_plus_hip_centering
138,extrinsic_r_quality_average,1120,78400,0.062080555148311,0.0510160373383895,0.1468665004129761,similarity_plus_hip_centering
14,extrinsic_r_quality_average,946,66220,0.0525798243071729,0.0438142565344769,0.12796808393591,similarity_plus_hip_centering
15,extrinsic_r_quality_average,1104,77280,0.0565620980048645,0.0470847409300565,0.1370942173548274,similarity_plus_hip_centering
16,extrinsic_r_quality_average,960,67200,0.0836671338601883,0.0677685060698388,0.2162647884778762,similarity_plus_hip_centering
18,extrinsic_r_quality_average,1109,77630,0.0578898850807073,0.0492530392272353,0.1335407171892373,similarity_plus_hip_centering
19,extrinsic_r_quality_average,955,66850,0.064666443422407,0.0565101417237866,0.1433161609386749,similarity_plus_hip_centering
2,extrinsic_r_quality_average,1114,77980,0.063026372288621,0.0512453233579898,0.1573348895903366,similarity_plus_hip_centering
20,extrinsic_r_quality_average,1129,79030,0.0669193541653281,0.0579236315153707,0.1527852902768793,similarity_plus_hip_centering
21,extrinsic_r_quality_average,964,67480,0.0635432489430808,0.0528791813291458,0.1471629292396821,similarity_plus_hip_centering
22,extrinsic_r_quality_average,953,66710,0.0656223575325855,0.049835676356587,0.174762123673493,similarity_plus_hip_centering
25,extrinsic_r_quality_average,1128,78960,0.0749799322787372,0.0593591290760214,0.1967325769322665,similarity_plus_hip_centering
26,extrinsic_r_quality_average,961,67270,0.0570356653933621,0.0495374757929056,0.1250856490286913,similarity_plus_hip_centering
28,extrinsic_r_quality_average,1124,78680,0.0667554662330839,0.0550100991562683,0.165304860415744,similarity_plus_hip_centering
29,extrinsic_r_quality_average,1112,77840,0.0504688056062376,0.0427073283001818,0.1151340109196065,similarity_plus_hip_centering
3,extrinsic_r_quality_average,1119,78330,0.1037165646805952,0.0894223694686301,0.2371694603131176,similarity_plus_hip_centering
30,extrinsic_r_quality_average,1119,78330,0.0735096022636013,0.0599832815085422,0.1683152327875121,similarity_plus_hip_centering
33,extrinsic_r_quality_average,958,67060,0.0678059631520655,0.0538223676458717,0.1684824412091361,similarity_plus_hip_centering
35,extrinsic_r_quality_average,1117,78190,0.0583338336572364,0.050480842882553,0.1309325194689913,similarity_plus_hip_centering
39,extrinsic_r_quality_average,1028,71960,0.0541235377055241,0.0416114536068846,0.1413520892339631,similarity_plus_hip_centering
4,extrinsic_r_quality_average,1145,80150,0.071706570062594,0.0563898677939919,0.1831888147348541,similarity_plus_hip_centering
40,extrinsic_r_quality_average,1128,78960,0.0784909073132575,0.0640588898932954,0.202141327624321,similarity_plus_hip_centering
41,extrinsic_r_quality_average,1195,83650,0.0470967420743196,0.0382310600510155,0.1220419739663274,similarity_plus_hip_centering
42,extrinsic_r_quality_average,1115,78050,0.0560642581773955,0.0450010702927669,0.1445150712793926,similarity_plus_hip_centering
43,extrinsic_r_quality_average,1123,78610,0.0840822460467011,0.0663390108530361,0.2189066552033352,similarity_plus_hip_centering
44,extrinsic_r_quality_average,1133,79310,0.0630434252499183,0.0494112468836996,0.1580284010832403,similarity_plus_hip_centering
46,extrinsic_r_quality_average,1116,78120,0.0640209186506914,0.0542664643771537,0.14100891967168,similarity_plus_hip_centering
47,extrinsic_r_quality_average,1118,78260,0.0533787373782368,0.0465385222098468,0.1148540903829828,similarity_plus_hip_centering
5,extrinsic_r_quality_average,1110,77700,0.0518538368972523,0.0429281134028561,0.1278335006545803,similarity_plus_hip_centering
53,extrinsic_r_quality_average,961,67270,0.0568053637717564,0.0444358565674989,0.1522874115305296,similarity_plus_hip_centering
54,extrinsic_r_quality_average,1119,78330,0.0589217614077973,0.0493649121478726,0.1378577543304864,similarity_plus_hip_centering
55,extrinsic_r_quality_average,1116,78120,0.0556488206329943,0.04782904837965,0.1217379786505163,similarity_plus_hip_centering
56,extrinsic_r_quality_average,1094,76580,0.0595959440046892,0.0510369578440582,0.1323467487298912,similarity_plus_hip_centering
58,extrinsic_r_quality_average,1112,77840,0.0633300491445092,0.0467004454437331,0.162299431976756,similarity_plus_hip_centering
59,extrinsic_r_quality_average,1075,75250,0.0657167811796417,0.0575135292669032,0.1456414604641741,similarity_plus_hip_centering
6,extrinsic_r_quality_average,1113,77910,0.0746273509586383,0.0559211179623282,0.2158486011823459,similarity_plus_hip_centering
61,extrinsic_r_quality_average,948,66360,0.0996082650371619,0.0819047600099044,0.2528132134501394,similarity_plus_hip_centering
62,extrinsic_r_quality_average,946,66220,0.0812172758683892,0.064726597114079,0.1988762328430586,similarity_plus_hip_centering
63,extrinsic_r_quality_average,1114,77980,0.0878584243105746,0.0711340975608171,0.2182212342913826,similarity_plus_hip_centering
64,extrinsic_r_quality_average,1121,78470,0.0813695440275257,0.0674734880450542,0.1939036973998885,similarity_plus_hip_centering
65,extrinsic_r_quality_average,1124,78680,0.0616023628326291,0.0521568752949077,0.1309862480488835,similarity_plus_hip_centering
66,extrinsic_r_quality_average,965,67550,0.1025434697628257,0.0878278637313857,0.2338011135879867,similarity_plus_hip_centering
67,extrinsic_r_quality_average,1115,78050,0.0579178730913542,0.0475430972366456,0.1405618524653182,similarity_plus_hip_centering
68,extrinsic_r_quality_average,967,67690,0.0422496329471037,0.0374963674200881,0.0901915252164137,similarity_plus_hip_centering
69,extrinsic_r_quality_average,961,67270,0.0562143612467012,0.0416832848219138,0.1471150659736561,similarity_plus_hip_centering
7,extrinsic_r_quality_average,954,66780,0.0804645362873665,0.0634486670174555,0.2111220609931758,similarity_plus_hip_centering
70,extrinsic_r_quality_average,1128,78960,0.0530121085176387,0.0430922027393955,0.1288449168693238,similarity_plus_hip_centering
72,extrinsic_r_quality_average,1112,77840,0.0516587492916383,0.0437192492869893,0.1194879494046151,similarity_plus_hip_centering
74,extrinsic_r_quality_average,1126,78820,0.0662367286571963,0.0581751588904948,0.149978041918041,similarity_plus_hip_centering
75,extrinsic_r_quality_average,1117,78190,0.0521008220970009,0.0428550156341147,0.128037081756881,similarity_plus_hip_centering
76,extrinsic_r_quality_average,1060,74200,0.0515478381143068,0.0400655821626167,0.1238242037775603,similarity_plus_hip_centering
77,extrinsic_r_quality_average,1119,78330,0.0503108987126008,0.044377578707314,0.1145538174787255,similarity_plus_hip_centering
78,extrinsic_r_quality_average,957,66990,0.0543799903755458,0.0491335156575842,0.1149441364474423,similarity_plus_hip_centering
8,extrinsic_r_quality_average,1136,79520,0.0534938881759797,0.0456130545632915,0.1232633187701606,similarity_plus_hip_centering
80,extrinsic_r_quality_average,1102,77140,0.0640035239287079,0.0521816690199435,0.1564212429898074,similarity_plus_hip_centering
81,extrinsic_r_quality_average,1118,78260,0.0708609749049725,0.057830476234961,0.169877199575285,similarity_plus_hip_centering
82,extrinsic_r_quality_average,1111,77770,0.0488453854881315,0.0399805812735118,0.1204011947144075,similarity_plus_hip_centering
83,extrinsic_r_quality_average,1119,78330,0.0677168809819669,0.0550612900563855,0.1766600033143258,similarity_plus_hip_centering
87,extrinsic_r_quality_average,1168,81760,0.0473927974236714,0.0389484793045962,0.1084871671252191,similarity_plus_hip_centering
9,extrinsic_r_quality_average,1114,77980,0.0542728771906583,0.0447176959524934,0.1354249145053792,similarity_plus_hip_centering
90,extrinsic_r_quality_average,959,67130,0.0546880741375199,0.0460947790066392,0.1241203319701491,similarity_plus_hip_centering
91,extrinsic_r_quality_average,1113,77910,0.0405114945951659,0.036522950632576,0.0886185017347982,similarity_plus_hip_centering
92,extrinsic_r_quality_average,1119,78330,0.0553569583553001,0.0449424494790492,0.1408378111114998,similarity_plus_hip_centering
93,extrinsic_r_quality_average,1111,77770,0.0876760875013549,0.0725431277165538,0.2092904919045782,similarity_plus_hip_centering
94,extrinsic_r_quality_average,1123,78610,0.0591902289809925,0.0542727429086699,0.128434464495024,similarity_plus_hip_centering
95,extrinsic_r_quality_average,1109,77630,0.042325472978569,0.0336632040336295,0.1050164340094914,similarity_plus_hip_centering
97,extrinsic_r_quality_average,1107,77490,0.0433419678884929,0.0365134993266305,0.0981258938713287,similarity_plus_hip_centering
99,extrinsic_r_quality_average,1111,77770,0.0433091822986819,0.0362442140958902,0.0952618696325305,similarity_plus_hip_centering
107,extrinsic_r_quality_average,946,66220,0.0514013472952112,0.0382822696124351,0.1524928209807467,similarity_plus_hip_centering
118,extrinsic_r_quality_average,1114,77980,0.0567359835806789,0.0443967948444994,0.1409901696195497,similarity_plus_hip_centering
12,extrinsic_r_quality_average,955,66850,0.0633757275722222,0.048177405365623,0.1756331229842729,similarity_plus_hip_centering
123,extrinsic_r_quality_average,1114,77980,0.0957734175380132,0.0740244763461204,0.2455245532522187,similarity_plus_hip_centering
126,extrinsic_r_quality_average,1130,79100,0.1046266946667865,0.0752002649891423,0.2827025062704094,similarity_plus_hip_centering
13,extrinsic_r_quality_average,967,67690,0.0842625105825101,0.0707862302960313,0.2083191314772107,similarity_plus_hip_centering
137,extrinsic_r_quality_average,1112,77840,0.045248766730807,0.0385604442518728,0.107092051667293,similarity_plus_hip_centering
17,extrinsic_r_quality_average,1042,72940,0.0570508474690297,0.0471253213567598,0.1378400738945129,similarity_plus_hip_centering
23,extrinsic_r_quality_average,960,67200,0.0768367555261325,0.0616040309702417,0.2078446680579873,similarity_plus_hip_centering
27,extrinsic_r_quality_average,1132,79240,0.054207300209093,0.0431477284298993,0.1431189239495172,similarity_plus_hip_centering
31,extrinsic_r_quality_average,958,67060,0.0637742261727025,0.0478692804340697,0.1671141838584548,similarity_plus_hip_centering
32,extrinsic_r_quality_average,954,66780,0.0692984195984061,0.0545710163008381,0.1737527135101022,similarity_plus_hip_centering
34,extrinsic_r_quality_average,960,67200,0.0684266048544006,0.0569386829289746,0.1589168354770201,similarity_plus_hip_centering
37,extrinsic_r_quality_average,943,66010,0.0627357376981748,0.0489805249738248,0.1534022396263643,similarity_plus_hip_centering
38,extrinsic_r_quality_average,952,66640,0.0607383348577039,0.0454564362608158,0.1618522669462559,similarity_plus_hip_centering
45,extrinsic_r_quality_average,1123,78610,0.0529217048216855,0.0443509748749518,0.1171505921785439,similarity_plus_hip_centering
48,extrinsic_r_quality_average,1090,76300,0.0496027361544506,0.0408721492744723,0.1161204990083793,similarity_plus_hip_centering
50,extrinsic_r_quality_average,1120,78400,0.074237580901279,0.0609705392192805,0.1932160351226447,similarity_plus_hip_centering
57,extrinsic_r_quality_average,1227,85890,0.066335765913506,0.0567092951094892,0.1464886104924702,similarity_plus_hip_centering
71,extrinsic_r_quality_average,1120,78400,0.0595304595273672,0.0483159223702971,0.1449994250509165,similarity_plus_hip_centering
73,extrinsic_r_quality_average,1113,77910,0.0592006664279874,0.049149251650058,0.133021446734056,similarity_plus_hip_centering
84,extrinsic_r_quality_average,1108,77560,0.0454901017873042,0.0372645201256275,0.1101143933955569,similarity_plus_hip_centering
86,extrinsic_r_quality_average,1115,78050,0.0390963608185223,0.0349696841255193,0.0872100653520802,similarity_plus_hip_centering
88,extrinsic_r_quality_average,962,67340,0.0702369174689353,0.0596888461014585,0.1553105146783516,similarity_plus_hip_centering
89,extrinsic_r_quality_average,1108,77560,0.0589530238069636,0.0487427847452048,0.1438697053295684,similarity_plus_hip_centering
96,extrinsic_r_quality_average,1110,77700,0.0536829006729633,0.0484568832450341,0.1172334707383027,similarity_plus_hip_centering
98,extrinsic_r_quality_average,1122,78540,0.0446655974047371,0.0379178668586036,0.1053800913248541,similarity_plus_hip_centering
1,extrinsic_r_quality_average,955,66850,0.0579204531554909,0.0476486184760448,0.1405851844816641,similarity_plus_hip_centering
106,extrinsic_r_quality_average,1121,78470,0.0774503791266977,0.0620212292576599,0.1901732838643276,similarity_plus_hip_centering
116,extrinsic_r_quality_average,1153,80710,0.0613109376821634,0.0507028013200776,0.1421780967512289,similarity_plus_hip_centering
117,extrinsic_r_quality_average,1114,77980,0.0610914745638151,0.0471044359517683,0.1579592052836927,similarity_plus_hip_centering
130,extrinsic_r_quality_average,1117,78190,0.0744724003608544,0.0577586242149948,0.1931819575945779,similarity_plus_hip_centering
136,extrinsic_r_quality_average,949,66430,0.0657940332359958,0.0593662526651709,0.1397330646559518,similarity_plus_hip_centering
24,extrinsic_r_quality_average,949,66430,0.0636622298418521,0.0518209374228116,0.1507673253166448,similarity_plus_hip_centering
36,extrinsic_r_quality_average,1112,77840,0.0542774835552459,0.045993238906159,0.1238315798200126,similarity_plus_hip_centering
49,extrinsic_r_quality_average,1125,78750,0.054068852390943,0.0462899104706362,0.1293829659191135,similarity_plus_hip_centering
51,extrinsic_r_quality_average,1110,77700,0.053586829649586,0.0419084914174739,0.1342826289149016,similarity_plus_hip_centering
52,extrinsic_r_quality_average,1122,78540,0.053336284095645,0.0432060387518572,0.1307317503578846,similarity_plus_hip_centering
60,extrinsic_r_quality_average,1123,78610,0.0613812298875395,0.0488225239178674,0.1564343779100093,similarity_plus_hip_centering
79,extrinsic_r_quality_average,1115,78050,0.0553685025606445,0.0476097118566083,0.1284347412986858,similarity_plus_hip_centering
85,extrinsic_r_quality_average,966,67620,0.040612823180568,0.0325372642308519,0.1060970146480295,similarity_plus_hip_centering
