Date,scene,Session,CamFrameNum,NumCam,SessionFrameNum,Actions,subject,
2022/6/18,2,a7ed6e6a01_video,975,8,7800,walk sit,subj36,
2022/6/18,1,d5b77e0501_video,400,8,3200,pass,subj36,
2022/6/18,1,d5b77e0502_video,279,8,2232,dribble,subj36,
2022/6/18,1,1b492fd601_video,800,8,6400,drink,subj22,
2022/6/18,1,3f97b19c01_video,927,8,7416,wave hands,subj12,
2022/6/18,2,4ab10fdf01_video,828,8,6624,sit,subj22,
2022/6/18,1,31a9f57701_video,975,8,7800,dribble,subj22,
2022/6/18,1,9055432801_video,404,8,3232,tie shoe,subj36,
2022/6/18,1,9055432802_video,308,8,2464,strentch,subj36,
2022/6/19,3,0aefa41501_video,775,8,6200,drink,subj36,
2022/6/19,3,0ce09a6b01_video,900,8,7200,phone call,subj19,
2022/6/19,3,0ce09a6b02_video,375,8,3000,play phone,subj19,
2022/6/19,3,3da3c65b01_video,100,8,800,pick up,subj22,
2022/6/19,3,3da3c65b02_video,129,8,1032,wave hand,subj22,
2022/6/19,3,3da3c65b03_video,309,8,2472,play phone,subj22,
2022/6/19,3,3da3c65b04_video,934,8,7472,package,subj22,
2022/6/19,3,7e534e1401_video,350,8,2800,sit,subj12,
2022/6/19,3,7e534e1402_video,452,8,3616,play phone,subj12,
2022/6/19,3,7e534e1403_video,483,8,3864,phone call,subj12,
2022/6/19,3,7e534e1404_video,428,8,3424,sit,subj12,
2022/6/19,3,69d735b801_video,300,8,2400,drink,subj19,
2022/6/19,3,69d735b802_video,350,8,2800,pace,subj19,
2022/6/19,3,69d735b803_video,177,8,1416,drink,subj19,
2022/6/19,3,69d735b804_video,334,8,2672,pace,subj19,
2022/6/19,3,a2a50ad201_video,550,8,4400,drink,subj12,
2022/6/19,3,a2a50ad202_video,735,8,5880,drink,subj12,
2022/6/19,3,a578947601_video,700,8,5600,drink,subj22,
2022/6/19,3,a578947602_video,354,8,2832,talk,subj22,
2022/6/19,3,a578947603_video,231,8,1848,drink,subj22,
2022/6/19,3,ac6b8bac01_video,100,8,800,move chair,subj22,
2022/6/19,3,ac6b8bac02_video,304,8,2432,sit,subj22,
2022/6/19,3,ac6b8bac03_video,254,8,2032,play phone,subj22,
2022/6/19,3,ac6b8bac04_video,802,8,6416,phone call,subj22,
2022/6/19,3,b314971301_video,75,8,600,jump,subj36,
2022/6/19,3,b314971302_video,178,8,1424,push up,subj36,
2022/6/19,3,b314971303_video,385,8,3080,strentch upper,subj36,
2022/6/19,3,b314971304_video,326,8,2608,strentch lower,subj36,
2022/6/19,3,b314971305_video,177,8,1416,jump,subj36,
2022/6/19,3,dd7ccd0801_video,250,8,2000,phone call,subj36,
2022/6/19,3,dd7ccd0802_video,210,8,1680,pull chair,subj36,
2022/6/19,3,dd7ccd0803_video,406,8,3248,phone call,subj36,
2022/6/19,3,dd7ccd0804_video,310,8,2480,phone call,subj36,
2022/6/19,3,e555b1c301_video,175,8,1400,wave hand,subj12,
2022/6/19,3,e555b1c302_video,207,8,1656,tie shoe,subj12,
2022/6/19,3,e555b1c303_video,228,8,1824,turn around,subj12,
2022/6/19,3,e555b1c304_video,250,8,2000,wave hand,subj12,
2022/6/19,3,f35f5a8e01_video,400,8,3200,move things,subj19,
2022/6/19,3,f35f5a8e02_video,504,8,4032,sit,subj19,
2022/6/19,3,f35f5a8e03_video,250,8,2000,strentch upper,subj19,
2022/6/25,4,207c3b9101_video,600,8,4800,move things,subj22,
2022/6/25,4,207c3b9102_video,325,8,2600,relax,subj22,
2022/6/25,4,207c3b9103_video,726,8,5808,move things,subj22,
2022/6/25,4,3a7c02be01_video,1300,8,10400,photo,subj12,
2022/6/25,4,5d287d8501_video,1250,8,10000,photo,subj22,
2022/6/25,5,8c26f24d01_video,150,8,1200,pose,subj22,
2022/6/25,5,8c26f24d02_video,756,8,6048,boxing,subj22,
2022/6/25,5,8c26f24d03_video,550,8,4400,boxing,subj22,
2022/6/25,4,977d536d01_video,475,8,3800,move things,subj36,
2022/6/25,4,977d536d02_video,650,8,5200,move things,subj36,
2022/6/25,4,977d536d03_video,402,8,3216,move things,subj36,
2022/6/25,5,abf1c16101_video,1500,8,12000,move things,subj12,
2022/6/25,5,badf065001_video,2900,8,23200,strentch,subj12,
2022/6/27,5,4dd2d46401_video,650,8,5200,throw things,subj22,
2022/6/27,5,4dd2d46402_video,727,8,5816,throw,subj22,
2022/6/27,5,4dd2d46403_video,1657,8,13256,throw,subj22,
2022/6/27,5,5d77a6cd01_video,175,8,1400,throw,subj12,
2022/6/27,5,5d77a6cd02_video,132,8,1056,kick,subj12,
2022/6/27,5,5d77a6cd03_video,250,8,2000,eat,subj12,
2022/6/27,5,5d77a6cd04_video,260,8,2080,throw,subj12,
2022/6/27,5,5d77a6cd05_video,258,8,2064,eat,subj12,
2022/6/27,5,5d77a6cd06_video,806,8,6448,throw,subj12,
2022/6/27,5,5d77a6cd07_video,1002,8,8016,throw,subj12,
2022/6/27,5,97f692e601_video,525,8,4200,taichi,subj12,
2022/6/27,5,97f692e602_video,409,8,3272,strentch,subj12,
2022/6/27,5,97f692e603_video,176,8,1408,turn around,subj12,
2022/6/27,5,97f692e604_video,433,8,3464,wave hands,subj12,
2022/6/27,5,97f692e605_video,626,8,5008,strentch legs,subj12,
2022/6/27,5,97f692e606_video,102,8,816,wave hands,subj12,
2022/6/27,5,78555f6801_video,2550,8,20400,throw,subj36,
2022/6/27,5,cf6050e401_video,2400,8,19200,taichi,subj22,
2022/7/2,7,5dc23c9301_video,308,8,2464,sit,subj23,
2022/7/2,7,5dc23c9302_video,783,8,6264,walk,subj23,
2022/7/2,7,7d65aff201_video,354,8,2832,sit,subj23,
2022/7/2,7,7d65aff202_video,1531,8,12248,read,subj23,
2022/7/2,7,76df3d7b01_video,928,8,7424,sit,subj36,
2022/7/2,7,76df3d7b02_video,304,8,2432,walk,subj36,
2022/7/2,7,76df3d7b03_video,1104,8,8832,sit circling,subj36,
2022/7/2,7,76df3d7b04_video,525,8,4200,walk,subj36,
2022/7/2,7,347a701501_video,450,8,3600,pick up things,subj12,
2022/7/2,7,347a701502_video,2481,8,19848,read,subj12,
2022/7/2,7,f9d7b14b01_video,1350,8,10800,read,subj36,
2022/7/2,7,f9d7b14b02_video,406,8,3248,pick up,subj36,
2022/7/2,7,ff223c6201_video,175,8,1400,pick up things,subj22,
2022/7/2,7,ff223c6202_video,1407,8,11256,read,subj22,
2022/7/2,7,ff223c6203_video,1628,8,13024,read,subj22,
2022/7/3,7,2fdadcf201_video,1875,8,15000,drink,subj22,
2022/7/3,7,4c9df18701_video,1425,8,11400,computer,subj12,
2022/7/3,7,4f37b86801_video,1500,8,12000,make table,subj22,
2022/7/3,7,4f5322fa01_video,2025,8,16200,sit,subj12,
2022/7/3,7,7c20d0d101_video,2575,8,20600,phone call,subj22,
2022/7/3,7,7c21d77a01_video,2600,8,20800,talk,subj22,
2022/7/3,7,12da3d3b01_video,1550,8,12400,write,subj36,
2022/7/3,7,13d17c9d01_video,2250,8,18000,sit,subj22,
2022/7/3,7,585c195201_video,2100,8,16800,cpmputer,subj22,
2022/7/3,7,3970c41101_video,956,8,7648,greeting,subj22,
2022/7/3,7,6657ebd401_video,1275,8,10200,sit,subj36,
2022/7/3,7,76808c9801_video,2152,8,17216,write,subj12,
2022/7/3,7,a47f291c01_video,1881,8,15048,talk,subj12,
2022/7/3,7,ad3f5a6201_video,2475,8,19800,make table,subj12,
2022/7/3,7,b9148ebe01_video,2400,8,19200,phone call,subj12,
2022/7/3,7,d7df1e4d01_video,1658,8,13264,write,subj22,
2022/7/3,7,d7e9413b01_video,1150,8,9200,pick up,subj22,
2022/7/3,7,e021175701_video,2150,8,17200,drink,subj12,
2022/7/3,7,ec1fbf5b01_video,1425,8,11400,pick up,subj12,
2022/7/3,7,f5b6d98001_video,1575,8,12600,greeting,subj12,
2022/8/5,1,0d161c0301_video,150,8,1200,move thing,subj22,
2022/8/5,1,0d161c0302_video,2084,8,16672,strentch upper,subj22,
2022/8/5,1,6e39458e01_video,3152,8,25216,strentch upper,subj36,
2022/8/5,1,51f182da01_video,100,8,800,move thing,subj12,
2022/8/5,1,51f182da02_video,2829,8,22632,skipping rope,subj12,
2022/8/5,1,81704d4f01_video,2725,8,21800,strentch lower,subj22,
2022/8/5,1,a13f8fcc01_video,3108,8,24864,skipping ropo,subj36,
2022/8/5,1,b90fc59701_video,175,8,1400,move thing,subj12,
2022/8/5,1,b90fc59702_video,2757,8,22056,strentch upper,subj12,
2022/8/5,1,bf2d647801_video,150,8,1200,move thing,subj22,
2022/8/5,1,bf2d647802_video,2409,8,19272,skipping rope,subj22,
2022/8/5,1,f263313801_video,2775,8,22200,strentch lower,subj12,
2022/8/13,7,1dc3b6ee01_video,375,8,3000,sit,subj22,
2022/8/13,7,1dc3b6ee02_video,928,8,7424,phone call,subj22,
2022/8/13,7,1dc3b6ee03_video,904,8,7232,phone call,subj22,
2022/8/13,7,1dc3b6ee04_video,1129,8,9032,phone call,subj22,
2022/8/13,7,1dc3b6ee05_video,426,8,3408,phone call,subj22,
2022/8/13,7,6cbd0f1901_video,1100,8,8800,jacket,subj22,
2022/8/13,7,6cbd0f1902_video,808,8,6464,jacket,subj22,
2022/8/13,7,6cbd0f1903_video,1029,8,8232,jacket,subj22,
2022/8/13,7,6cbd0f1904_video,1309,8,10472,jacket,subj22,
2022/8/13,7,08d19b2101_video,375,8,3000,move things,subj22,
2022/8/13,7,08d19b2102_video,478,8,3824,drink,subj22,
2022/8/13,7,08d19b2103_video,685,8,5480,drink,subj22,
2022/8/13,7,08d19b2104_video,876,8,7008,drink,subj22,
2022/8/13,7,08d19b2105_video,475,8,3800,drink,subj22,
2022/8/13,7,8f66816101_video,325,8,2600,move things,subj22,
2022/8/13,7,8f66816102_video,826,8,6608,make table,subj22,
2022/8/13,7,8f66816103_video,385,8,3080,move table,subj22,
2022/8/13,7,8f66816104_video,826,8,6608,make table,subj22,
2022/8/13,7,8f66816105_video,460,8,3680,make table,subj22,
2022/8/13,7,8f66816106_video,579,8,4632,wash hand,subj22,
2022/8/13,7,8f66816107_video,1003,8,8024,make table,subj22,
2022/8/13,7,9b434ee501_video,150,8,1200,walk,subj32,
2022/8/13,7,9b434ee502_video,460,8,3680,drink,subj32,
2022/8/13,7,9b434ee503_video,454,8,3632,drink,subj32,
2022/8/13,7,9b434ee504_video,435,8,3480,drink,subj32,
2022/8/13,7,9b434ee505_video,303,8,2424,drink,subj32,
2022/8/13,7,43e0c04e01_video,225,8,1800,move things,subj32,
2022/8/13,7,43e0c04e02_video,625,8,5000,jacket,subj32,
2022/8/13,7,43e0c04e03_video,926,8,7408,jacket,subj32,
2022/8/13,7,43e0c04e04_video,727,8,5816,jacket,subj32,
2022/8/13,7,43e0c04e05_video,482,8,3856,jacket,subj32,
2022/8/13,7,54b6a1a901_video,300,8,2400,move things,subj12,
2022/8/13,7,54b6a1a902_video,879,8,7032,sleep,subj12,
2022/8/13,7,54b6a1a903_video,1303,8,10424,sit/relax,subj12,
2022/8/13,7,54b6a1a904_video,1232,8,9856,relax,subj12,
2022/8/13,7,94ac80c301_video,175,8,1400,move things,subj22,
2022/8/13,7,94ac80c302_video,632,8,5056,sit/play phone,subj22,
2022/8/13,7,94ac80c303_video,808,8,6464,phone call,subj22,
2022/8/13,7,94ac80c304_video,704,8,5632,talk,subj22,
2022/8/13,7,181ba7d201_video,150,8,1200,move things,subj12,
2022/8/13,7,181ba7d202_video,633,8,5064,phone call,subj12,
2022/8/13,7,181ba7d203_video,709,8,5672,phone call,subj12,
2022/8/13,7,181ba7d204_video,676,8,5408,phone call,subj12,
2022/8/13,7,181ba7d205_video,154,8,1232,sit,subj12,
2022/8/13,7,181ba7d206_video,1310,8,10480,phone call,subj12,
2022/8/13,7,181ba7d207_video,252,8,2016,sit,subj12,
2022/8/13,7,181ba7d208_video,925,8,7400,phone call,subj12,
2022/8/13,7,867ea97f01_video,4425,8,35400,talk,subj22,
2022/8/13,7,991c30bd01_video,300,8,2400,move things,subj12,
2022/8/13,7,991c30bd02_video,2725,8,21800,talk,subj12,
2022/8/13,7,45763acf01_video,300,8,2400,move things,subj22,
2022/8/13,7,45763acf02_video,1425,8,11400,write,subj22,
2022/8/13,7,45763acf03_video,759,8,6072,write,subj22,
2022/8/13,7,45763acf04_video,278,8,2224,write,subj22,
2022/8/13,7,45763acf05_video,502,8,4016,write,subj22,
2022/8/13,7,99078b0f01_video,150,8,1200,move things,subj32,
2022/8/13,7,99078b0f02_video,483,8,3864,sit,subj32,
2022/8/13,7,99078b0f03_video,278,8,2224,move chair,subj32,
2022/8/13,7,99078b0f04_video,427,8,3416,sit,subj32,
2022/8/13,7,99078b0f05_video,182,8,1456,move chair,subj32,
2022/8/13,7,99078b0f06_video,402,8,3216,sit,subj32,
2022/8/13,7,99078b0f07_video,206,8,1648,move chir,subj32,
2022/8/13,7,99078b0f08_video,352,8,2816,sit,subj32,
2022/8/13,7,7455813901_video,100,8,800,move things,subj12,
2022/8/13,7,7455813902_video,951,8,7608,drink,subj12,
2022/8/13,7,7455813903_video,228,8,1824,stand,subj12,
2022/8/13,7,7455813904_video,200,8,1600,drink,subj12,
2022/8/13,7,7455813905_video,158,8,1264,sit,subj12,
2022/8/13,7,7455813906_video,252,8,2016,drink,subj12,
2022/8/13,7,7455813907_video,175,8,1400,stand,subj12,
2022/8/13,7,7455813908_video,957,8,7656,drink,subj12,
2022/8/13,7,7455813909_video,459,8,3672,drink,subj12,
2022/8/13,7,7455813910_video,178,8,1424,sit,subj12,
2022/8/13,7,7455813911_video,410,8,3280,drink,subj12,
2022/8/13,7,7537734801_video,450,8,3600,move things,subj32,
2022/8/13,7,7537734802_video,656,8,5248,make table,subj32,
2022/8/13,7,7537734803_video,908,8,7264,make table,subj32,
2022/8/13,7,7537734804_video,208,8,1664,move table,subj32,
2022/8/13,7,7537734805_video,704,8,5632,make table,subj32,
2022/8/13,7,7537734806_video,783,8,6264,make table,subj32,
2022/8/13,7,ac3531e201_video,600,8,4800,move things,subj22,
2022/8/13,7,ac3531e202_video,900,8,7200,relax,subj22,
2022/8/13,7,ac3531e203_video,1075,8,8600,relax,subj22,
2022/8/13,7,ac3531e204_video,732,8,5856,move table,subj22,
2022/8/13,7,ac3531e205_video,450,8,3600,relax,subj22,
2022/8/13,7,ac3531e206_video,556,8,4448,relax,subj22,
2022/8/13,7,b7ee07c801_video,354,8,2832,move table,subj12,
2022/8/13,7,b7ee07c802_video,931,8,7448,typing,subj12,
2022/8/13,7,b7ee07c803_video,1932,8,15456,typing,subj12,
2022/8/13,7,b47cc99901_video,225,8,1800,move things,subj12,
2022/8/13,7,b47cc99902_video,2134,8,17072,pick up,subj12,
2022/8/13,7,b69d27f001_video,183,8,1464,move table,subj12,
2022/8/13,7,b69d27f002_video,456,8,3648,move chair,subj12,
2022/8/13,7,b69d27f003_video,825,8,6600,walk,subj12,
2022/8/13,7,b69d27f004_video,884,8,7072,take on bag,subj12,
2022/8/13,7,b69d27f005_video,708,8,5664,move table,subj12,
2022/8/13,7,b69d27f006_video,1050,8,8400,walk,subj12,
2022/8/13,7,b69d27f007_video,404,8,3232,walk,subj12,
2022/8/13,7,b622ac9901_video,1432,8,11456,stand/talk,subj32,
2022/8/13,7,b622ac9902_video,754,8,6032,sit/talk,subj32,
2022/8/13,7,b622ac9903_video,1935,8,15480,stand/talk,subj32,
2022/8/13,7,bfcbef0e01_video,4201,8,33608,make table,subj12,
2022/8/13,7,c0de632b01_video,252,8,2016,move things,subj32,
2022/8/13,7,c0de632b02_video,1350,8,10800,drop/pick,subj32,
2022/8/13,7,c3d1bab301_video,582,8,4656,sit,subj32,
2022/8/13,7,c3d1bab302_video,656,8,5248,typing,subj32,
2022/8/13,7,c3d1bab303_video,758,8,6064,typing,subj32,
2022/8/13,7,c3d1bab304_video,602,8,4816,typing,subj32,
2022/8/13,7,c3d1bab305_video,627,8,5016,typing,subj32,
2022/8/13,7,c8567db601_video,175,8,1400,move things,subj32,
2022/8/13,7,c8567db602_video,507,8,4056,make table,subj32,
2022/8/13,7,c8567db603_video,378,8,3024,sit,subj32,
2022/8/13,7,c8567db604_video,456,8,3648,sleep,subj32,
2022/8/13,7,c8567db605_video,1050,8,8400,sit,subj32,
2022/8/13,7,c8567db606_video,1556,8,12448,sleep,subj32,
2022/8/13,7,d661739801_video,432,8,3456,sit down,subj12,
2022/8/13,7,d661739802_video,627,8,5016,write,subj12,
2022/8/13,7,d661739803_video,2828,8,22624,write,subj12,
2022/8/13,7,e066970201_video,300,8,2400,move things,subj22,
2022/8/13,7,e066970202_video,4225,8,33800,typing,subj22,
2022/8/13,7,ede6124601_video,1134,8,9072,take on cloth,subj12,
2022/8/13,7,ede6124602_video,2806,8,22448,taken on cloth,subj12,
2022/8/13,7,ede6124603_video,160,8,1280,stand,subj12,
2022/8/14,7,0cb57ac101_video,300,8,2400,move things,subj35,
2022/8/14,7,0cb57ac102_video,450,8,3600,sit,subj35,
2022/8/14,7,0cb57ac103_video,706,8,5648,read,subj35,
2022/8/14,7,0cb57ac104_video,360,8,2880,move table,subj35,
2022/8/14,7,2e5c16b001_video,375,8,3000,move things,subj35,
2022/8/14,7,2e5c16b002_video,4053,8,32424,talk,subj35,
2022/8/14,8,3d18837f01_video,282,8,2256,move things,subj35,
2022/8/14,8,3d18837f02_video,450,8,3600,move chair,subj35,
2022/8/14,8,3d18837f03_video,1656,8,13248,photo,subj35,
2022/8/14,8,3d18837f04_video,1400,8,11200,photo,subj35,
2022/8/14,8,3d18837f05_video,483,8,3864,sit,subj35,
2022/8/14,8,3d18837f06_video,1203,8,9624,photo,subj35,
2022/8/14,8,3d18837f07_video,328,8,2624,stand,subj35,
2022/8/14,8,3d18837f08_video,1404,8,11232,photo,subj35,
2022/8/14,8,3d18837f09_video,225,8,1800,move chair,subj35,
2022/8/14,1,4f085ccd01_video,150,8,1200,move things,subj35,
2022/8/14,1,4f085ccd02_video,706,8,5648,shoot,subj35,
2022/8/14,1,4f085ccd03_video,235,8,1880,shoot,subj35,
2022/8/14,1,4f085ccd04_video,2084,8,16672,shoot,subj35,
2022/8/14,1,6fabc86201_video,277,8,2216,move things,subj35,
2022/8/14,1,6fabc86202_video,926,8,7408,strentch lower,subj35,
2022/8/14,1,6fabc86203_video,252,8,2016,shoot,subj35,
2022/8/14,1,7ba9b11701_video,175,8,1400,move things,subj35,
2022/8/14,1,7ba9b11702_video,132,8,1056,talk,subj35,
2022/8/14,1,7ba9b11703_video,250,8,2000,jump,subj35,
2022/8/14,1,7ba9b11704_video,260,8,2080,strentch lower,subj35,
2022/8/14,1,7ba9b11705_video,408,8,3264,leg lifting,subj35,
2022/8/14,1,7ba9b11706_video,1050,8,8400,strentch,subj35,
2022/8/14,1,7ba9b11707_video,956,8,7648,strentch,subj35,
2022/8/14,7,08eba14601_video,675,8,5400,phone call,subj35,
2022/8/14,7,08eba14602_video,678,8,5424,phone call,subj35,
2022/8/14,7,08eba14603_video,681,8,5448,phone call,subj35,
2022/8/14,7,08eba14604_video,909,8,7272,phone call,subj35,
2022/8/14,8,9f8d89dc01_video,782,8,6256,umbrella,subj35,
2022/8/14,8,9f8d89dc02_video,852,8,6816,umbrella,subj35,
2022/8/14,8,9f8d89dc03_video,800,8,6400,umbrella,subj35,
2022/8/14,8,9f8d89dc04_video,883,8,7064,umbrella,subj35,
2022/8/14,8,9f8d89dc05_video,832,8,6656,umbrella,subj35,
2022/8/14,1,63dbd1f701_video,250,8,2000,move things,subj35,
2022/8/14,1,63dbd1f702_video,1960,8,15680,strentch upper,subj35,
2022/8/14,7,397f455b01_video,300,8,2400,move chair,subj35,
2022/8/14,7,397f455b02_video,900,8,7200,wipe hands,subj35,
2022/8/14,7,397f455b03_video,600,8,4800,wipe hands,subj35,
2022/8/14,7,397f455b04_video,750,8,6000,wipe hands,subj35,
2022/8/14,7,397f455b05_video,706,8,5648,wipe,subj35,
2022/8/14,7,81081dc401_video,325,8,2600,move table,subj35,
2022/8/14,7,81081dc402_video,1204,8,9632,clean table,subj35,
2022/8/14,7,81081dc403_video,404,8,3232,move table,subj35,
2022/8/14,7,81081dc404_video,858,8,6864,clean table,subj35,
2022/8/14,7,81081dc405_video,356,8,2848,move table,subj35,
2022/8/14,7,81081dc406_video,933,8,7464,clean table,subj35,
2022/8/14,7,81081dc407_video,434,8,3472,move table,subj35,
2022/8/14,7,81081dc408_video,1152,8,9216,clean tabel,subj35,
2022/8/14,7,796513c501_video,225,8,1800,move things,subj35,
2022/8/14,7,796513c502_video,276,8,2208,sit,subj35,
2022/8/14,7,796513c503_video,950,8,7600,write,subj35,
2022/8/14,7,796513c504_video,1152,8,9216,write,subj35,
2022/8/14,7,796513c505_video,950,8,7600,write,subj35,
2022/8/14,7,796513c506_video,1352,8,10816,write,subj35,
2022/8/14,8,0366683201_video,225,8,1800,move things,subj35,
2022/8/14,8,0366683202_video,859,8,6872,strentch,subj35,
2022/8/14,8,0366683203_video,932,8,7456,folk dance,subj35,
2022/8/14,8,0366683204_video,958,8,7664,folk dance,subj35,
2022/8/14,8,0366683205_video,2535,8,20280,folk dance,subj35,
2022/8/14,7,a2607aa301_video,475,8,3800,talk,subj35,
2022/8/14,7,a2607aa302_video,582,8,4656,sit/stand,subj35,
2022/8/14,7,a2607aa303_video,406,8,3248,sit,subj35,
2022/8/14,7,a2607aa304_video,235,8,1880,sit,subj35,
2022/8/14,7,a2607aa305_video,457,8,3656,sit,subj35,
2022/8/14,7,aae64f0101_video,225,8,1800,sit,subj35,
2022/8/14,7,aae64f0102_video,534,8,4272,glasses,subj35,
2022/8/14,7,aae64f0103_video,656,8,5248,glasses,subj35,
2022/8/14,7,aae64f0104_video,708,8,5664,glasses,subj35,
2022/8/14,7,aae64f0105_video,750,8,6000,glasses,subj35,
2022/8/14,8,ae45b31f01_video,2206,8,17648,folk dance,subj35,
2022/8/14,8,ae45b31f02_video,560,8,4480,folk dance,subj35,
2022/8/14,8,ae45b31f03_video,1033,8,8264,folk dance,subj35,
2022/8/14,7,aeb4aab601_video,350,8,2800,move things,subj35,
2022/8/14,7,aeb4aab602_video,452,8,3616,drink,subj35,
2022/8/14,7,aeb4aab603_video,808,8,6464,move chair,subj35,
2022/8/14,7,aeb4aab604_video,504,8,4032,drink,subj35,
2022/8/14,7,aeb4aab605_video,1100,8,8800,drink,subj35,
2022/8/14,7,aeb4aab606_video,458,8,3664,move chair,subj35,
2022/8/14,7,aeb4aab607_video,427,8,3416,drink,subj35,
2022/8/14,1,bf56ba4e01_video,2734,8,21872,skipping rope,subj35,
2022/8/14,1,bf56ba4e02_video,535,8,4280,skipping rope,subj35,
2022/8/14,1,bf56ba4e03_video,732,8,5856,skipping rope,subj35,
2022/8/14,1,cbd7af8301_video,225,8,1800,move things,subj35,
2022/8/14,1,cbd7af8302_video,1009,8,8072,dribble,subj35,
2022/8/14,1,cbd7af8303_video,626,8,5008,dribble,subj35,
2022/8/14,1,cbd7af8304_video,852,8,6816,dribble,subj35,
2022/8/14,1,cbd7af8305_video,450,8,3600,dribble,subj35,
2022/8/14,1,cbd7af8306_video,156,8,1248,shoot,subj35,
2022/8/14,8,d054406401_video,684,8,5472,drink,subj35,
2022/8/14,8,d054406402_video,525,8,4200,drink,subj35,
2022/8/14,8,d054406403_video,534,8,4272,drink,subj35,
2022/8/14,8,d054406404_video,681,8,5448,drink,subj35,
2022/8/14,1,e56ea85e01_video,628,8,5024,pass,subj35,
2022/8/14,1,e56ea85e02_video,454,8,3632,pass,subj35,
2022/8/14,1,e56ea85e03_video,660,8,5280,pass,subj35,
2022/8/14,1,e56ea85e04_video,650,8,5200,pass,subj35,
2022/8/16,7,1aa0867101_video,1353,8,10824,talk,subj07,
2022/8/16,7,1aa0867102_video,1407,8,11256,talk,subj07,
2022/8/16,2,2f39c23d01_video,250,8,2000,move mat,subj07,
2022/8/16,2,2f39c23d02_video,2701,8,21608,packaging,subj07,
2022/8/16,7,4dce915101_video,300,8,2400,move mat,subj07,
2022/8/16,7,4dce915102_video,200,8,1600,pick up,subj07,
2022/8/16,7,4dce915103_video,1858,8,14864,write,subj07,
2022/8/16,7,4ef4853901_video,300,8,2400,move mat,subj07,
2022/8/16,7,4ef4853902_video,650,8,5200,make hair,subj07,
2022/8/16,7,4ef4853903_video,852,8,6816,make hair,subj07,
2022/8/16,7,4ef4853904_video,975,8,7800,make hair,subj07,
2022/8/16,7,4ef4853905_video,1203,8,9624,make hair,subj07,
2022/8/16,2,7a91c11f01_video,400,8,3200,move things,subj07,
2022/8/16,2,7a91c11f02_video,1179,8,9432,photo,subj07,
2022/8/16,2,7a91c11f03_video,828,8,6624,photo,subj07,
2022/8/16,2,7a91c11f04_video,950,8,7600,photo,subj07,
2022/8/16,7,7b8dbb1601_video,302,8,2416,tie shoe,subj07,
2022/8/16,7,7b8dbb1602_video,802,8,6416,tie shoe,subj07,
2022/8/16,7,7b8dbb1603_video,435,8,3480,tie shoe,subj07,
2022/8/16,7,7b8dbb1604_video,453,8,3624,tie shoe,subj07,
2022/8/16,7,67d9f25901_video,2031,8,16248,drink,subj07,
2022/8/16,7,840d73e601_video,450,8,3600,move chair,subj07,
2022/8/16,7,840d73e602_video,1556,8,12448,jacket,subj07,
2022/8/16,7,840d73e603_video,1458,8,11664,jacket,subj07,
2022/8/16,2,76985fc401_video,750,8,6000,umbrella,subj07,
2022/8/16,2,76985fc402_video,981,8,7848,umbrella,subj07,
2022/8/16,2,76985fc403_video,459,8,3672,umbrella,subj07,
2022/8/16,2,76985fc404_video,578,8,4624,umbrella,subj07,
2022/8/16,7,1056601801_video,1125,8,9000,strentch upper,subj07,
2022/8/16,7,1056601802_video,1209,8,9672,strentch upper,subj07,
2022/8/16,7,1056601803_video,1434,8,11472,strentch upper,subj07,
2022/8/16,2,ab556d6101_video,5006,8,40048,eat,subj07,
2022/8/16,7,cc46e2d901_video,1285,8,10280,walk,subj07,
2022/8/16,2,cfe32fcc01_video,1054,8,8432,greeting,subj07,
2022/8/16,2,cfe32fcc02_video,535,8,4280,greeting,subj07,
2022/8/16,2,cfe32fcc03_video,384,8,3072,greeting,subj07,
2022/8/16,2,cfe32fcc04_video,750,8,6000,greeting,subj07,
2022/8/16,7,dbef7d0a01_video,528,8,4224,sit,subj07,
2022/8/16,7,dbef7d0a02_video,300,8,2400,stand,subj07,
2022/8/16,7,dbef7d0a03_video,475,8,3800,sit,subj07,
2022/8/16,7,dbef7d0a04_video,832,8,6656,sit,subj07,
2022/8/16,7,dbef7d0a05_video,604,8,4832,sit,subj07,
2022/8/16,7,e8e1e57901_video,231,8,1848,move mat,subj07,
2022/8/16,7,e8e1e57902_video,828,8,6624,read,subj07,
2022/8/16,7,e8e1e57903_video,625,8,5000,read,subj07,
2022/8/16,7,e8e1e57904_video,1226,8,9808,read,subj07,
2022/8/16,7,e93e361c01_video,1452,8,11616,talk,subj07,
2022/8/16,7,e93e361c02_video,1500,8,12000,talk,subj07,
2022/8/16,7,e93e361c03_video,1425,8,11400,talk,subj07,
2022/8/16,2,f070c9f301_video,625,8,5000,throw,subj07,
2022/8/16,2,f070c9f302_video,1076,8,8608,pick up,subj07,
2022/8/16,7,fed43c4901_video,300,8,2400,move mat,subj07,
2022/8/16,7,fed43c4902_video,775,8,6200,wash hands,subj07,
2022/8/16,7,fed43c4903_video,632,8,5056,wash hands,subj07,
2022/8/16,7,fed43c4904_video,758,8,6064,wash hands,subj07,
2022/8/16,7,fed43c4905_video,877,8,7016,wash hands,subj07,
2022/8/18,1,12e6ea9001_video,1700,8,13600,skipping rope,subj25,
2022/8/18,1,12e6ea9002_video,1207,8,9656,skipping rope,subj25,
2022/8/18,1,024ee48401_video,1975,8,15800,pass ball,subj22,
2022/8/18,1,024ee48402_video,982,8,7856,pass ball,subj22,
2022/8/18,1,33f3460c01_video,3003,8,24024,pass ball,subj36,
2022/8/18,1,43c4495801_video,3950,8,31600,strentch lower,subj19,
2022/8/18,1,395b2f5f01_video,4075,8,32600,strentch upper,subj19,
2022/8/18,1,857ffafc01_video,457,8,3656,dribble,subj22,
2022/8/18,1,857ffafc02_video,601,8,4808,dribble,subj22,
2022/8/18,1,857ffafc03_video,826,8,6608,dribble,subj22,
2022/8/18,1,995b6deb01_video,300,8,2400,move mat,subj19,
2022/8/18,1,995b6deb02_video,350,8,2800,skipping rope,subj19,
2022/8/18,1,995b6deb03_video,552,8,4416,skipping rope,subj19,
2022/8/18,1,995b6deb04_video,800,8,6400,skipping rope,subj19,
2022/8/18,1,50046c3401_video,3800,8,30400,shoot ball,subj22,
2022/8/18,1,872836fe01_video,975,8,7800,pass ball,subj19,
2022/8/18,1,872836fe02_video,978,8,7824,pass ball,subj19,
2022/8/18,1,872836fe03_video,681,8,5448,pass ball,subj19,
2022/8/18,1,1614411a01_video,975,8,7800,dribble,subj22,
2022/8/18,1,1614411a02_video,528,8,4224,dribble,subj22,
2022/8/18,1,1614411a03_video,450,8,3600,dribble,subj22,
2022/8/18,1,1614411a04_video,381,8,3048,dribble,subj22,
2022/8/18,1,b8d9278201_video,175,8,1400,move mat,subj25,
2022/8/18,1,b8d9278202_video,907,8,7256,strentch upper,subj25,
2022/8/18,1,b8d9278203_video,2182,8,17456,strentch upper,subj25,
2022/8/18,1,b531023b01_video,702,8,5616,pass ball,subj25,
2022/8/18,1,b531023b02_video,606,8,4848,pass ball,subj25,
2022/8/18,1,b531023b03_video,706,8,5648,pass ball,subj25,
2022/8/18,1,b531023b04_video,560,8,4480,pass ball,subj25,
2022/8/18,1,baa461e101_video,3075,8,24600,dribble,subj25,
2022/8/18,1,baa461e102_video,128,8,1024,shoot,subj25,
2022/8/18,1,c91f57b201_video,2750,8,22000,dribble,subj19,
2022/8/18,1,def36e4c01_video,3304,8,26432,shoot ball,subj36,
2022/8/18,1,e0ca13ab01_video,2607,8,20856,dribble,subj36,
2022/8/18,1,ec0e491a01_video,900,8,7200,shoot ball,subj12,
2022/8/18,1,ec0e491a02_video,1402,8,11216,shoot ball,subj12,
2022/8/18,1,fa8bba1501_video,627,8,5016,shoot ball,subj25,
2022/8/18,1,fa8bba1502_video,578,8,4624,shoot ball,subj25,
2022/8/18,1,fa8bba1503_video,477,8,3816,shoot ball,subj25,
2022/8/18,1,fa8bba1504_video,534,8,4272,shoot ball,subj25,
2022/8/18,1,ffe05db401_video,1050,8,8400,shoot ball,subj19,
2022/8/18,1,ffe05db402_video,406,8,3248,shoot ball,subj19,
2022/8/18,1,ffe05db403_video,1251,8,10008,shoot ball,subj19,
2022/9/25,10,2c5963c001_video,3175,8,25400,photo,subj28,
2022/9/25,10,2c5963c002_video,2106,8,16848,photo,subj26,
2022/9/25,10,2c5963c003_video,1354,8,10832,photo,subj27,
2022/9/25,10,2c5963c004_video,300,8,2400,move table,subj27,
2022/9/25,10,2c5963c005_video,250,8,2000,tie shoe,subj27,
2022/9/25,10,2c5963c006_video,400,8,3200,photo,subj27,
2022/9/25,10,4f636df401_video,1656,8,13248,strentrch upper,subj22,
2022/9/25,10,4f636df402_video,1550,8,12400,strentch upper,subj27,
2022/9/25,10,4f636df403_video,1851,8,14808,strentch upper,subj28,
2022/9/25,10,4f636df404_video,1110,8,8880,strentch upper,subj26,
2022/9/25,1,5c2aedeb01_video,3152,8,25216,shoot,subj05,
2022/9/25,1,5c2aedeb02_video,3127,8,25016,shoot,subj28,
2022/9/25,1,5c2aedeb03_video,2160,8,17280,shoot,subj27,
2022/9/25,1,5c2aedeb04_video,858,8,6864,shoot,subj26,
2022/9/25,1,5c2aedeb05_video,2078,8,16624,shoot,subj26,
2022/9/25,10,6f2cdad701_video,4108,8,32864,phone,subj28,
2022/9/25,10,6f2cdad702_video,1503,8,12024,phone,subj26,
2022/9/25,10,6f2cdad703_video,2275,8,18200,phone,subj27,
2022/9/25,10,50cac99c01_video,3508,8,24560,talk,subj27,
2022/9/25,10,50cac99c02_video,3600,8,25204,talk,subj28,
2022/9/25,10,50cac99c03_video,4632,8,32428,talk,subj26,
2022/9/25,10,50cac99c04_video,4,8,23342,talk,subj22,
2022/9/25,10,05285b5e01_video,3381,8,27048,drink,subj27,
2022/9/25,10,05285b5e02_video,328,8,2624,move table,subj26,DEL
2022/9/25,10,05285b5e03_video,1356,8,10848,drink,subj26,
2022/9/25,10,05285b5e04_video,652,8,5216,move table,subj26,
2022/9/25,10,05285b5e05_video,679,8,5432,sit,subj26,
2022/9/25,10,05285b5e06_video,734,8,5872,move table,subj26,
2022/9/25,10,05285b5e07_video,350,8,2800,drink,subj28,
2022/9/25,10,05285b5e08_video,732,8,5856,drink,subj28,
2022/9/25,10,05285b5e09_video,927,8,7416,drink,subj28,
2022/9/25,1,a69f133d01_video,1708,8,13664,pass ball,subj27,
2022/9/25,1,a69f133d02_video,1977,8,15816,pass ball,subj05,
2022/9/25,1,a69f133d03_video,2402,8,19216,pass ball,subj28,
2022/9/25,1,a69f133d04_video,1684,8,13472,pass ball,subj26,
2022/9/25,1,a69f133d05_video,1407,8,11256,dribble,subj27,
2022/9/25,1,a69f133d06_video,2076,8,16608,dribble,subj05,
2022/9/25,1,a69f133d07_video,1806,8,14448,dribble,subj28,
2022/9/25,1,a69f133d08_video,854,8,6832,dribble,subj26,
2022/9/25,10,d1cd041101_video,2076,8,16608,strentch lower,subj27,
2022/9/25,10,d1cd041102_video,2784,8,22272,strentch lower,subj28,
2022/9/25,10,d1cd041103_video,2210,8,17680,strentch lower,subj26,
2022/9/25,10,e50f290b01_video,2352,8,18816,skip rope,subj28,
2022/9/25,10,e50f290b02_video,1983,8,15864,skip rope,subj27,
2022/9/25,10,e50f290b03_video,3310,8,26480,skip rope,subj26,
2022/9/25,10,ea168b6001_video,2352,8,18816,talk,subj28,
2022/9/25,10,ea168b6002_video,3228,8,25824,dance,subj28,
2022/9/25,10,ee01487001_video,3006,8,24048,aerobics,subj28,
2022/9/25,10,ee01487002_video,2109,8,16872,aerobics,subj22,
2022/9/25,10,ee01487003_video,453,8,3624,posing,subj28,
2022/9/25,10,f9fe839b01_video,2781,8,22248,clearn,subj27,
2022/9/25,10,f9fe839b02_video,3051,8,24408,clean,subj28,
2022/9/25,10,f9fe839b03_video,2532,8,20256,clean,subj26,
2022/9/26,10,f469e7df01_video,528,8,4224,phone,subj11,
2022/9/26,10,f469e7df02_video,1606,8,12848,phone,subj11,
2022/9/26,10,f469e7df03_video,1929,8,15432,tie shoe,subj11,
2022/9/26,10,f469e7df04_video,2328,8,18624,wear headphone,subj11,
2022/9/26,10,f469e7df05_video,506,8,4048,skip rope,subj11,
2022/9/26,10,f469e7df06_video,3225,8,25800,skip rope,subj11,
2022/9/26,10,f469e7df07_video,3056,8,24448,read,subj11,
2022/9/26,10,f469e7df08_video,4284,8,34272,packaging,subj11,
2022/9/26,10,f469e7df09_video,2132,8,17056,write,subj11,
2022/9/26,10,f469e7df10_video,1434,8,11472,drink,subj11,
2022/9/26,10,f469e7df11_video,932,8,7456,drink,subj11,
2022/9/26,10,f469e7df12_video,2850,8,22800,typing,subj11,
2022/9/26,10,0d5bfaea01_video,1752,8,14016,umbrella,subj11,
2022/9/26,10,3e00277301_video,3081,8,24648,skip rope,subj34,
2022/9/26,10,3e00277302_video,1650,8,13200,drink,subj34,
2022/9/26,10,3e00277303_video,1729,8,13832,umbrella,subj34,
2022/9/26,10,3e00277304_video,1603,8,12824,tie shoe,subj34,
2022/9/26,10,3e00277305_video,984,8,7872,move things,subj34,
2022/9/26,10,3e00277306_video,3050,8,24400,sit,subj34,
2022/9/26,10,3e00277307_video,2109,8,16872,read,subj34,
2022/9/26,10,3e00277308_video,4257,8,34056,jacket,subj34,
2022/9/26,10,3e00277309_video,350,8,2800,move chair,subj34,
2022/9/26,10,3e00277310_video,681,8,5448,packge,subj34,
2022/9/26,10,3e00277311_video,603,8,4824,package,subj34,
2022/9/26,10,3e00277312_video,704,8,5632,package,subj34,
2022/9/26,10,3e00277313_video,433,8,3464,package,subj34,
2022/9/26,10,3e00277314_video,2856,8,22848,write,subj34,
2022/9/26,10,3e00277315_video,3608,8,28864,talk,subj34,
2022/9/26,10,a07d9bd401_video,2700,8,21600,take bag,subj11,
2022/9/26,10,f1d53e4a01_video,2257,8,18056,umbrella,subj27,
2022/9/27,10,05ac64c501_video,3400,8,27200,urban,subj30,
2022/9/27,10,05ac64c502_video,3553,8,28424,urban,subj30,
2022/9/27,10,7d22213a01_video,2227,8,17816,breaking,subj06,
2022/9/27,10,7d22213a02_video,1335,8,10680,breaking,subj33,
2022/9/27,10,7d22213a03_video,608,8,4864,breaking,subj10,
2022/9/27,10,7d22213a04_video,2233,8,17864,breaking,subj10,
2022/9/27,10,7d22213a05_video,1603,8,12824,breaking,subj06,
2022/9/27,10,7d22213a06_video,457,8,3656,breaking,subj33,
2022/9/27,10,08c5326901_video,3878,8,31024,strentch,subj30,
2022/9/27,10,08c5326902_video,6156,8,49248,urban,subj30,
2022/9/27,10,31b800e201_video,2450,8,19600,breaking,subj10,
2022/9/27,10,31b800e202_video,1183,8,9464,breaking,subj33,
2022/9/27,10,31b800e203_video,927,8,7416,breaking,subj06,
2022/9/27,10,31b800e204_video,381,8,3048,breaking,subj06,
2022/9/27,10,38e5e50901_video,3576,8,28608,urban,subj30,
2022/9/27,10,2961e6dd01_video,3678,8,29424,urban,subj30,
2022/9/27,10,0825871d01_video,1600,8,12800,breaking,subj06,
2022/9/27,10,0825871d02_video,1183,8,9464,breaking,subj33,
2022/9/27,10,0825871d03_video,1981,8,15848,breaking,subj10,
2022/9/27,10,b533ab8e01_video,5006,8,40048,urban,subj30,
2022/9/27,10,b533ab8e02_video,3156,8,25248,sit/drink,subj30,
2022/9/27,10,b533ab8e03_video,1083,8,8664,tie shoe,subj30,
2022/9/27,10,b533ab8e04_video,4556,8,36448,read,subj30,
2022/9/27,10,b533ab8e05_video,7650,8,61200,urban,subj30,
2022/9/27,10,bca2649d01_video,1500,8,12000,breaking,subj33,
2022/9/27,10,bca2649d02_video,300,8,2400,breaking,subj33,
2022/9/27,10,bca2649d03_video,1210,8,9680,breaking,subj33,
2022/9/27,10,bca2649d04_video,1884,8,15072,breaking,subj06,
2022/9/27,10,bca2649d05_video,1634,8,13072,breaking,subj10,
2022/9/27,10,be9491dc01_video,2202,8,17616,strentch,subj33,
2022/9/27,10,be9491dc02_video,831,8,6648,tie shoe,subj33,
2022/9/27,10,be9491dc03_video,1428,8,11424,breaking,subj33,
2022/9/27,10,be9491dc04_video,1083,8,8664,breaking,subj06,
2022/9/27,10,be9491dc05_video,554,8,4432,strentch,subj10,
2022/9/27,10,be9491dc06_video,602,8,4816,breaking,subj10,
2022/9/27,10,be9491dc07_video,1952,8,15616,breaking,subj10,
2022/9/27,10,c56fd6e001_video,6054,8,48432,urban,subj30,
2022/9/27,10,ce55e3cf01_video,6028,8,48224,urban,subj30,
2022/9/27,10,e212e84601_video,1626,8,13008,talk,subj10,
2022/9/27,10,e212e84602_video,2181,8,17448,breaking,subj10,
2022/9/27,10,e212e84603_video,1560,8,12480,breaking,subj10,
2022/9/28,8,0d14d55801_video,7051,8,56408,hiphop,subj08,
2022/9/28,8,0d14d55802_video,1800,8,14400,urban,subj14,
2022/9/28,8,0d14d55803_video,1375,8,11000,urban,subj14,
2022/9/28,8,0d14d55804_video,956,8,7648,hiphop,subj08,
2022/9/28,8,0d14d55805_video,2384,8,19072,strentch,subj04,
2022/9/28,8,0d14d55806_video,2606,8,20848,relax,subj04,
2022/9/28,8,0d14d55807_video,2850,8,22800,urban,subj04,
2022/9/28,8,0d14d55808_video,6907,8,55256,hiphop,subj08,
2022/9/28,8,0d14d55809_video,6925,8,55400,urban,subj14,
2022/9/28,8,0d14d55810_video,10752,8,86016,wacking,subj04,
2022/9/28,8,0d14d55811_video,5684,8,45472,hiphop,subj08,
2022/9/28,8,0d14d55812_video,5128,8,41024,hiphop,subj14,
2022/9/28,8,0d14d55813_video,10032,8,80256,urban,subj04,
2022/9/28,8,0d14d55814_video,6450,8,51600,hiphop,subj08,
2022/9/28,8,0d14d55815_video,5802,8,46416,urban,subj04,
2022/9/28,10,3ae2d2d201_video,2532,8,20256,strentch,subj03,
2022/9/28,10,3ae2d2d202_video,1026,8,8208,warm up,subj03,
2022/9/28,10,3ae2d2d203_video,907,8,7228,hiphop,subj18,
2022/9/28,10,3ae2d2d204_video,676,8,5464,hiphop,subj16,
2022/9/28,10,3ae2d2d205_video,2186,8,17460,jazz,subj03,
2022/9/28,10,3ae2d2d206_video,3101,8,24864,hiphop,subj16,
2022/9/28,10,5b9c3fee01_video,2401,8,19208,hiphop,subj18,
2022/9/28,10,5b9c3fee02_video,1033,8,8264,hiphop,subj16,
2022/9/28,10,5b9c3fee03_video,2077,8,16616,jazz,subj03,
2022/9/28,8,51ac29bb01_video,6876,8,55008,strentch,subj08,
2022/9/28,8,51ac29bb02_video,7734,8,61872,strentch,subj14,
2022/9/28,8,51ac29bb03_video,1852,8,14816,hiphop,subj08,
2022/9/28,8,51ac29bb04_video,604,8,4832,make hair,subj08,
2022/9/28,8,51ac29bb05_video,2679,8,21432,hiphop,subj08,
2022/9/28,8,51ac29bb06_video,4250,8,34000,urban,subj14,
2022/9/28,5,c99d182f01_video,534,8,4272,talk,subj17,
2022/9/28,5,c99d182f02_video,3381,8,27048,latin,subj17,
2022/9/28,5,c99d182f03_video,1003,8,8024,latin,subj17,
2022/9/28,5,c99d182f04_video,4532,8,36256,hiphop,subj24,
2022/9/28,5,c99d182f05_video,5529,8,44232,latin,subj17,
2022/9/28,5,c99d182f06_video,5508,8,44064,hiphop,subj24,
2022/9/28,5,c99d182f07_video,4478,8,35824,latin,subj17,
2022/9/28,5,c99d182f08_video,2628,8,21024,hiphop,subj24,
2022/9/28,5,c99d182f09_video,825,8,6600,latin,subj17,
2022/9/28,5,c99d182f10_video,3750,8,30000,latin,subj17,
2022/9/28,5,c99d182f11_video,2100,8,16800,hiphop,subj24,
2022/9/28,5,c99d182f12_video,753,8,6024,latin,subj17,
2022/9/28,5,c99d182f13_video,3376,8,27008,latin,subj17,
2022/9/28,10,a154d3ae01_video,3176,8,25408,latin,subj21,
2022/9/28,10,a154d3ae02_video,926,8,7408,hiphop,subj18,
2022/9/28,10,a154d3ae03_video,2700,8,21600,jazz,subj03,
2022/9/28,10,a154d3ae04_video,2859,8,22872,hiphop,subj16,
2022/9/28,10,a154d3ae05_video,3000,7,21000,latin,subj21,
2022/9/28,10,a154d3ae06_video,1329,7,9303,hiphop,subj18,
2022/9/28,10,a154d3ae07_video,1950,7,13650,wacking,subj03,
2022/9/28,10,a154d3ae08_video,1675,7,11725,latin-cam1fall,subj21,
2022/9/28,10,a154d3ae09_video,1084,7,7588,hiphop-cam4fall,subj16,
2022/9/28,10,a154d3ae10_video,1807,7,12649,jazz,subj03,
2022/9/28,10,a154d3ae11_video,1485,7,10395,latin-bundle,subj21,
2022/9/29,11,1a7b141c01_video,11604,8,92832,popping,subj37,
2022/9/29,11,1a7b141c02_video,882,8,7056,kpop,subj13,
2022/9/29,11,1a7b141c03_video,1556,8,12448,kpop,subj09,
2022/9/29,11,1a7b141c04_video,1310,8,10480,kpop,subj09,
2022/9/29,11,1a7b141c05_video,2556,8,20448,jazz,subj09,
2022/9/29,11,1a7b141c06_video,2256,8,18048,jazz,subj01,
2022/9/29,11,1a7b141c07_video,2400,8,19200,jazz,subj01,
2022/9/29,11,95ec39c601_video,1050,8,8400,kpop,subj09,
2022/9/29,11,95ec39c602_video,1160,8,9280,kpop,subj09,
2022/9/29,11,95ec39c603_video,1557,8,12456,kpop,subj09,
2022/9/29,11,95ec39c604_video,2208,8,17664,kpop,subj09,
2022/9/29,11,95ec39c605_video,2552,8,20416,jazz,subj01,
2022/9/29,11,95ec39c606_video,784,8,6272,jazz,subj01,
2022/9/29,11,95ec39c607_video,1158,8,9264,jazz,subj01,
2022/9/29,11,95ec39c608_video,1384,8,11072,jazz,subj01,
2022/9/29,11,95ec39c609_video,1477,8,11816,jazz,subj01,
2022/9/29,11,95ec39c610_video,306,8,2448,jazz,subj01,
2022/9/29,11,95ec39c611_video,954,8,7632,jazz,subj01,
2022/9/29,11,95ec39c612_video,1501,8,12008,hiphop,subj13,
2022/9/29,11,95ec39c613_video,4627,8,37016,kpop,subj13,
2022/9/29,11,95ec39c614_video,1528,8,12224,jazz,subj09,
2022/9/29,11,95ec39c615_video,1975,8,15800,jazz,subj09,
2022/9/29,11,95ec39c616_video,1609,8,12872,jazz,subj09,
2022/9/29,11,95ec39c617_video,800,8,6400,jazz,subj09,
2022/9/29,11,95ec39c618_video,1081,8,8648,jazz,subj09,
2022/9/29,11,95ec39c619_video,2334,8,18672,jazz,subj09,
2022/9/29,11,95ec39c620_video,458,8,3664,play phone,subj01,
2022/9/29,11,95ec39c621_video,758,8,6064,jazz,subj01,
2022/9/29,11,95ec39c622_video,778,8,6224,jazz,subj01,
2022/9/29,11,95ec39c623_video,2833,8,22664,jazz,subj01,
2022/9/29,11,95ec39c624_video,1909,8,15272,jazz,subj01,
2022/9/29,11,95ec39c625_video,1375,8,11000,kpop,subj13,
2022/9/29,11,95ec39c626_video,951,8,7608,kpop,subj13,
2022/9/29,11,95ec39c627_video,957,8,7656,kpop,subj13,
2022/9/29,11,95ec39c628_video,4678,8,37424,kpop,subj13,
2022/9/29,11,461ac1f301_video,1956,8,15648,strentch,subj09,
2022/9/29,11,461ac1f302_video,1200,8,9600,jazz,subj09,
2022/9/29,11,461ac1f303_video,2558,8,20464,jazz,subj09,
2022/9/29,11,461ac1f304_video,2404,8,19232,jazz,subj01,
2022/9/29,11,461ac1f305_video,2808,8,22464,jazz,subj01,
2022/9/29,11,461ac1f306_video,4361,8,34839,jazz,subj09,
2022/9/29,11,461ac1f307_video,2400,8,19207,jazz,subj09,
2022/9/29,11,461ac1f308_video,3009,8,24023,jazz,subj01,
2022/9/29,11,461ac1f309_video,1504,8,12067,jazz,subj01,
2022/9/29,11,461ac1f310_video,2011,8,16039,jazz,subj01,
2022/9/29,11,461ac1f311_video,657,8,5251,jazz,subj09,
2022/9/29,11,461ac1f312_video,2133,8,17015,jazz,subj09,
2022/9/29,11,461ac1f313_video,1283,8,10215,jazz,subj09,
2022/9/29,11,461ac1f314_video,958,8,7615,jazz,subj09,
2022/9/29,11,461ac1f315_video,1234,8,9823,jazz,subj01,
2022/9/29,11,461ac1f316_video,1284,8,10267,jazz,subj01,
2022/9/29,11,461ac1f317_video,2509,8,20023,jazz,subj01,
2022/9/29,11,461ac1f318_video,977,8,7851,jazz,subj09,
2022/9/29,11,461ac1f319_video,2859,8,22867,jazz,subj09,
2022/9/29,11,461ac1f320_video,1561,8,12439,jazz,subj09,
2022/9/29,12,470e095701_video,8878,8,71024,warm up,subj02,
2022/9/29,12,470e095702_video,10084,8,80672,hiphop,subj02,
2022/9/29,12,470e095703_video,9404,8,75232,hiphop,subj02,
2022/9/29,12,470e095704_video,11954,8,95632,hiphop,subj02,
2022/9/29,12,470e095705_video,6000,8,48000,hiphop,subj02,
2022/9/29,12,470e095706_video,1250,8,10000,hiphop,subj02,
2022/9/29,12,470e095707_video,2125,8,17000,hiphop,subj02,
2022/9/29,12,470e095708_video,3650,8,29200,hiphop,subj02,
2022/9/29,12,470e095709_video,1875,8,15000,hiphop,subj02,
2022/9/29,12,470e095710_video,1950,8,15600,hiphop,subj02,
2022/9/29,12,470e095711_video,11450,8,91600,hiphop,subj02,
2022/9/29,11,aed79e7501_video,1050,8,8400,popping,subj37,
2022/9/29,11,aed79e7502_video,931,8,7448,play phone,subj37,
2022/9/29,11,aed79e7503_video,1107,8,8856,popping,subj37,
2022/9/29,11,aed79e7504_video,175,8,1400,popping,subj37,
2022/9/29,11,aed79e7505_video,807,8,6456,popping,subj37,
2022/10/1,8,7d3cdec601_video,3781,8,30248,kpop,subj29,
2022/10/1,8,7d3cdec602_video,5576,8,44608,warm up,subj29,
2022/10/1,8,7d3cdec603_video,3958,8,31664,latin,subj29,
2022/10/1,8,7d3cdec604_video,832,8,6656,latin,subj29,
2022/10/1,8,7d3cdec605_video,1584,8,12672,latin,subj29,
2022/10/1,8,7d3cdec606_video,6108,8,48864,latin,subj29,
2022/10/1,8,7d3cdec607_video,3328,8,26624,latin,subj29,
2022/10/1,8,7d3cdec608_video,627,8,5016,latin,subj29,
2022/10/1,8,7d3cdec609_video,1033,8,8264,latin,subj29,
2022/10/1,8,7d3cdec610_video,1329,8,10632,latin,subj29,
2022/10/1,8,7d3cdec611_video,1404,8,11232,latin,subj29,
2022/10/1,8,7d3cdec612_video,583,8,4664,latin,subj29,
2022/10/1,8,7d3cdec613_video,4050,8,32400,warm up,subj29,
2022/10/1,8,7d3cdec614_video,3056,8,24448,latin,subj29,
2022/10/1,8,7d3cdec615_video,2358,8,18864,latin,subj29,
2022/10/1,8,7d3cdec616_video,450,8,3600,latin,subj29,
2022/10/1,8,39d0461201_video,6360,8,50880,kpop,subj29,
2022/10/1,8,39d0461202_video,3951,8,31608,latin,subj29,
2022/10/1,8,39d0461203_video,784,8,6272,latin,subj29,
2022/10/1,8,39d0461204_video,382,8,3056,latin,subj29,
2022/10/1,8,39d0461205_video,3553,8,28424,latin,subj29,
2022/10/1,8,39d0461206_video,11282,8,90256,hiphop,subj29,
2022/10/1,8,1251be6601_video,3450,8,27600,ballet,subj31,
2022/10/1,8,1251be6602_video,1102,8,8816,ballet,subj31,
2022/10/1,8,1251be6603_video,2110,8,16880,ballet,subj31,
2022/10/1,8,1251be6604_video,2354,8,18832,warm up,subj31,
2022/10/1,8,1251be6605_video,2052,8,16416,ballet,subj31,
2022/10/1,8,1251be6606_video,1610,8,12880,ballet,subj31,
2022/10/1,8,1251be6607_video,1509,8,12072,ballet,subj31,
2022/10/1,8,1251be6608_video,1384,8,11072,ballet,subj31,
2022/10/1,8,1251be6609_video,3160,8,25280,strentch,subj31,
2022/10/1,8,5971db0401_video,3156,8,25248,strentch-cam move,subj31,
2022/10/1,8,5971db0402_video,2058,8,16464,hiphop,subj31,
2022/10/1,8,5971db0403_video,2204,8,17632,hiphop,subj31,
2022/10/1,8,5971db0404_video,781,8,6248,play phone,subj31,
2022/10/1,8,5971db0405_video,2101,8,16808,hiphop,subj31,
2022/10/2,10,8cee0a0501_video,2952,8,23616,rowing,subj22,
2022/10/2,10,8cee0a0502_video,4608,8,36864,strentch,subj20,
2022/10/2,10,8cee0a0503_video,878,8,7024,hiphop,subj20,
2022/10/2,10,8cee0a0504_video,4050,8,32400,hiphop,subj20,
2022/10/2,10,8cee0a0505_video,3608,8,28864,hiphop,subj20,
2022/10/2,10,8cee0a0506_video,4754,8,38032,hiphop,subj20,
2022/10/2,10,8cee0a0507_video,5154,8,41232,hiphop,subj20,
2022/10/2,10,8cee0a0508_video,5283,8,42264,hiphop,subj20,
2022/10/2,10,8cee0a0509_video,3781,8,30248,hiphop,subj20,
2022/10/2,10,8cee0a0510_video,428,8,3424,kick shuttlecock,subj20,
2022/10/2,10,8cee0a0511_video,660,8,5280,kick shuttlecock,subj20,
2022/10/2,10,8cee0a0512_video,1358,8,10864,kick shuttlecock,subj20,
2022/10/2,10,8cee0a0513_video,1206,8,9648,kick shuttlecock,subj20,
2022/10/2,10,45eef97801_video,2904,8,23232,lateral raise,subj22,
2022/10/2,10,45eef97802_video,2700,8,21600,Lateral raise,subj22,
2022/10/2,10,45eef97803_video,3207,8,25656,strentch,subj36,
2022/10/2,10,45eef97804_video,2835,8,22680,gym,subj22,
2022/10/2,10,8538035b01_video,253,8,2024,kick shuttlecock,subj36,
2022/10/2,10,8538035b02_video,1327,8,10616,kick shuttlecock,subj36,
2022/10/2,10,8538035b03_video,784,8,6272,kick shuttlecock,subj36,
2022/10/12,10,5d4d360501_video,660,8,5280,kick shuttlecock,subj19,
2022/10/12,10,5d4d360502_video,1266,8,10128,kick shuttlecock,subj19,
2022/10/12,10,5d4d360503_video,816,8,6528,talk,subj19,
2022/10/12,10,5d4d360504_video,1506,8,12048,stand,subj19,
2022/10/12,10,5d4d360505_video,1086,8,8688,squat,subj19,
2022/10/12,10,5d4d360506_video,486,8,3888,squat,subj19,
2022/10/12,10,5d4d360507_video,546,8,4368,squat,subj19,
2022/10/12,10,5d4d360508_video,666,8,5328,squat,subj19,
2022/10/12,10,5d4d360509_video,1176,8,9408,arm curl,subj19,
2022/10/12,10,5d4d360510_video,510,8,4080,arm curl,subj19,
2022/10/12,10,5d4d360511_video,576,8,4608,arm curl,subj19,
2022/10/12,10,5d4d360512_video,510,8,4080,arm curl,subj19,
2022/10/12,10,5d4d360513_video,1326,8,10608,arm lifting,subj22,
2022/10/12,10,5d4d360514_video,606,8,4848,arm lifting,subj22,
2022/10/12,10,5d4d360515_video,216,8,1728,arm lifting,subj22,
2022/10/12,10,5d4d360516_video,810,8,6480,squat,subj22,
2022/10/12,10,5d4d360517_video,396,8,3168,squat,subj22,
2022/10/12,10,5d4d360518_video,510,8,4080,squat,subj22,
2022/10/12,10,5d4d360519_video,786,8,6288,squat,subj22,
2022/10/12,10,5d4d360520_video,936,8,7488,posing,subj22,
2022/10/12,10,5d4d360521_video,1230,8,9840,arm lifting,subj19,
2022/10/12,10,5d4d360522_video,1206,8,9648,arm lifting,subj19,
2022/10/12,10,5d4d360523_video,816,8,6528,arm lifting,subj19,
2022/10/12,10,5d4d360524_video,1050,8,8400,arm lifting,subj19,
2022/10/12,10,5d4d360525_video,1206,8,9648,squat,subj19,
2022/10/12,10,5d4d360526_video,966,8,7728,squat,subj19,
2022/10/12,10,ebbdbef701_video,390,8,3120,move mat,subj22,
2022/10/12,10,ebbdbef702_video,780,8,6240,jump,subj19,
2022/10/12,10,ebbdbef703_video,750,8,6000,jump,subj19,
2022/10/12,10,ebbdbef704_video,456,8,3648,jump,subj19,
2022/10/12,10,ebbdbef705_video,390,8,3120,jump,subj19,
2022/10/12,10,ebbdbef706_video,360,8,2880,mave chair,subj19,
2022/10/12,10,ebbdbef707_video,690,8,5520,jump,subj19,
2022/10/12,10,ebbdbef708_video,816,8,6528,jump,subj19,
2022/10/12,10,ebbdbef709_video,660,8,5280,jump,subj19,
2022/10/12,10,ebbdbef710_video,600,8,4800,jump,subj19,
2022/10/12,10,ebbdbef711_video,690,8,5520,step high,subj22,
2022/10/12,10,ebbdbef712_video,636,8,5088,step high,subj22,
2022/10/12,10,ebbdbef713_video,570,8,4560,step high,subj22,
2022/10/12,10,ebbdbef714_video,666,8,5328,step high,subj22,
2022/10/12,10,ebbdbef715_video,906,8,7248,kick shuttlecock,subj15,
2022/10/12,10,ebbdbef716_video,756,8,6048,kick shuttlecock,subj15,
2022/10/12,10,ebbdbef717_video,900,8,7200,kick shuttlecock,subj15,
2022/10/12,10,ebbdbef718_video,510,8,4080,tie shoe,subj15,
2022/10/12,10,ebbdbef719_video,306,8,2448,kick shuttlecock,subj15,
2022/10/12,10,ebbdbef720_video,516,8,4128,leg lifting,subj19,
2022/10/12,10,ebbdbef721_video,750,8,6000,leg lifting,subj19,
2022/10/12,10,ebbdbef722_video,186,8,1488,leg lifting,subj19,
2022/10/12,10,ebbdbef723_video,246,8,1968,leg lifting,subj19,
2022/10/12,10,ebbdbef724_video,1056,8,8448,sit,subj15,
2022/10/12,10,ebbdbef725_video,930,8,7440,sit,subj15,
2022/10/12,10,ebbdbef726_video,816,8,6528,sit,subj15,
2022/10/12,10,ebbdbef727_video,540,8,4320,sit,subj15,
2022/10/12,10,ebbdbef728_video,1686,8,13488,row,subj22,
2022/10/12,10,ebbdbef729_video,876,8,7008,row,subj22,
2022/10/12,10,ebbdbef730_video,810,8,6480,row,subj22,
2022/10/12,10,ebbdbef731_video,600,8,4800,row,subj22,
2022/10/12,10,ebbdbef732_video,426,8,3408,talk,subj15,
2022/10/12,10,ebbdbef733_video,390,8,3120,drink,subj15,
2022/10/12,10,ebbdbef734_video,246,8,1968,drink,subj15,
2022/10/12,10,ebbdbef735_video,396,8,3168,drink,subj15,
2022/10/12,10,ebbdbef736_video,390,8,3120,drink,subj15,
2022/10/12,10,ebbdbef737_video,870,8,6960,jacket,subj15,
2022/10/12,10,ebbdbef738_video,996,8,7968,jacket,subj15,
2022/10/12,10,ebbdbef739_video,1686,8,13488,read,subj15,
2022/10/12,10,ebbdbef740_video,2286,8,18288,read,subj15,
2022/10/12,10,ebbdbef741_video,1416,8,11328,read,subj15,
2022/10/12,10,ebbdbef742_video,1590,8,12720,read,subj15,
2022/10/12,10,ebbdbef743_video,1446,8,11568,talk,subj22,
2022/10/12,10,ebbdbef744_video,360,8,2880,upstair,subj15,
2022/10/12,10,ebbdbef745_video,900,8,7200,upstair,subj15,
2022/10/12,10,ebbdbef746_video,720,8,5760,upstair,subj15,
2022/10/12,10,ebbdbef747_video,750,8,6000,upstair,subj15,
2022/10/12,10,ebbdbef748_video,546,8,4368,talk,subj22,
2022/10/12,10,ebbdbef749_video,1290,8,10320,photo,subj15,
2022/10/12,10,ebbdbef750_video,1446,8,11568,photo,subj15,
2022/10/12,10,ebbdbef751_video,2616,8,20928,phone call,subj15,
2022/10/12,10,ebbdbef752_video,1146,8,9168,flybird,subj19,
2022/10/12,10,ebbdbef753_video,426,8,3408,flybird,subj19,
2022/10/12,10,ebbdbef754_video,516,8,4128,flybird,subj19,
2022/10/12,10,ebbdbef755_video,660,8,5280,flybird,subj19,
2022/10/18,10,b2bead8201_video,150,8,1200,move chair,subj40,
2022/10/18,10,b2bead8202_video,366,8,2928,talk,subj40,
2022/10/18,10,b2bead8203_video,486,8,3888,sit,subj40,
2022/10/18,10,b2bead8204_video,336,8,2688,move chair,subj40,
2022/10/18,10,b2bead8205_video,420,8,3360,sit/stand,subj40,
2022/10/18,10,b2bead8206_video,300,8,2400,move chair,subj40,
2022/10/18,10,b2bead8207_video,870,8,6960,sit,subj40,
2022/10/18,10,b2bead8208_video,966,8,7728,sit,subj40,
2022/10/18,10,b2bead8209_video,276,8,2208,move chair,subj40,
2022/10/18,10,b2bead8210_video,636,8,5088,play phone,subj40,
2022/10/18,10,b2bead8211_video,360,8,2880,move chair,subj40,
2022/10/18,10,b2bead8212_video,1350,8,10800,photo,subj40,
2022/10/18,10,b2bead8213_video,1086,8,8688,photo,subj40,
2022/10/18,10,b2bead8214_video,1056,8,8448,photo,subj40,
2022/10/18,10,b2bead8215_video,780,8,6240,photo,subj40,
2022/10/18,10,b2bead8216_video,1410,8,11280,phone call,subj40,
2022/10/18,10,b2bead8217_video,1836,8,14688,phone call,subj40,
2022/10/18,10,b2bead8218_video,360,8,2880,phone call,subj40,
2022/10/18,10,b2bead8219_video,1020,8,8160,drink,subj40,
2022/10/18,10,b2bead8220_video,1290,8,10320,drink,subj40,
2022/10/18,10,b2bead8221_video,246,8,1968,drink,subj40,
2022/10/18,10,b2bead8222_video,486,8,3888,tie shoe,subj40,
2022/10/18,10,b2bead8223_video,216,8,1728,talk,subj40,
2022/10/18,10,b2bead8224_video,726,8,5808,tie shoe,subj40,
2022/10/18,10,b2bead8225_video,426,8,3408,pick up,subj40,
2022/10/18,10,b2bead8226_video,510,8,4080,tie shoe,subj40,
2022/10/18,10,b2bead8227_video,186,8,1488,stand up,subj40,
2022/10/18,10,b2bead8228_video,516,8,4128,jacket,subj40,
2022/10/18,10,b2bead8229_video,1080,8,8640,jacket,subj40,
2022/10/18,10,b2bead8230_video,630,8,5040,umbrella,subj40,
2022/10/18,10,b2bead8231_video,636,8,5088,umbrella,subj40,
2022/10/18,10,b2bead8232_video,1830,8,14640,bag,subj40,
2022/10/18,10,b2bead8233_video,990,8,7920,jump,subj40,
2022/10/18,10,b2bead8234_video,846,8,6768,cross barrier,subj40,
2022/10/18,10,b2bead8235_video,306,8,2448,jump,subj40,
2022/10/18,10,b2bead8236_video,576,8,4608,move chair,subj39,
2022/10/18,10,b2bead8237_video,300,8,2400,upstairs,subj39,
2022/10/18,10,b2bead8238_video,330,8,2640,move chair,subj39,
2022/10/18,10,b2bead8239_video,516,8,4128,upstairs,subj39,
2022/10/18,10,b2bead8240_video,360,8,2880,move chair,subj39,
2022/10/18,10,b2bead8241_video,600,8,4800,upstairs,subj39,
2022/10/18,10,b2bead8242_video,180,8,1440,move chair,subj39,
2022/10/18,10,b2bead8243_video,510,8,4080,upstairs,subj39,
2022/10/18,10,b2bead8244_video,756,8,6048,upstairs,subj39,
2022/10/18,10,b2bead8245_video,390,8,3120,move chair,subj39,
2022/10/18,10,b2bead8246_video,1140,8,9120,wipe chair,subj39,
2022/10/18,10,b2bead8247_video,390,8,3120,make chair,subj39,
2022/10/18,10,b2bead8248_video,756,8,6048,read,subj39,
2022/10/18,10,b2bead8249_video,150,8,1200,read,subj39,
2022/10/18,10,b2bead8250_video,666,8,5328,read,subj39,
2022/10/18,10,b2bead8251_video,1086,8,8688,read,subj39,
2022/10/18,10,b2bead8252_video,2166,8,17328,read,subj39,
2022/10/18,10,b2bead8253_video,360,8,2880,drink,subj39,
2022/10/18,10,b2bead8254_video,966,8,7728,drink,subj39,
2022/10/18,10,b2bead8255_video,876,8,7008,drink,subj39,
2022/10/18,10,b2bead8256_video,1140,8,9120,drink,subj39,
2022/10/18,10,b2bead8257_video,1740,8,13920,drink,subj38,
2022/10/18,10,b2bead8258_video,630,8,5040,sit,subj38,
2022/10/18,10,b2bead8259_video,996,8,7968,eat,subj38,
2022/10/18,10,b2bead8260_video,420,8,3360,eat,subj38,
2022/10/18,10,b2bead8261_video,696,8,5568,kick shuttlecock,subj38,
2022/10/18,10,b2bead8262_video,426,8,3408,kick shuttlecock,subj38,
2022/10/18,10,b2bead8263_video,336,8,2688,kick shuttlecock,subj38,
2022/10/18,10,b2bead8264_video,396,8,3168,kick shuttlecock,subj38,
2022/10/18,10,b2bead8265_video,1416,8,11328,arm lifting,subj38,
2022/10/18,10,b2bead8266_video,870,8,6960,strentch,subj38,
2022/10/18,10,b2bead8267_video,516,8,4128,strentch,subj38,
2022/10/18,10,b2bead8268_video,780,8,6240,strentch,subj38,
2022/10/18,10,b2bead8269_video,270,8,2160,sit,subj38,
2022/10/18,10,b2bead8270_video,786,8,6288,jacket,subj38,
2022/10/18,10,b2bead8271_video,636,8,5088,jacket,subj38,
2022/10/18,10,b2bead8272_video,720,8,5760,jacket,subj38,
2022/10/18,10,b2bead8273_video,1446,8,11568,phone call,subj38,
2022/10/18,10,b2bead8274_video,1866,8,14928,phone call,subj38,
2022/10/18,10,b2bead8275_video,1230,8,9840,wash hands,subj38,
2022/10/18,10,b2bead8276_video,966,8,7728,wash hands,subj38,