outcome,transform,formula,cycle_reference,include_outer_fold,random_structure,fallback_reason,converged,n_people,n_cycles,cohort_effect,cohort_effect_se,cohort_effect_standardized,cohort_ci_low,cohort_ci_high,cohort_p_value,cycle_effect,cycle_effect_se,cycle_ci_low,cycle_ci_high,cycle_p_value,interaction_effect,interaction_effect_se,interaction_ci_low,interaction_ci_high,interaction_p_value,random_intercept_variance,random_slope_variance,intercept_slope_covariance,model_outcome_sd,aic,bic,residual_scale,maximum_absolute_standardized_residual,source,estimand,cohort_p_holm_within_source
trunk_axial_rotation_rom,identity,"_model_outcome ~ C(cohort, Treatment(reference='student')) * _cycle_position_centered + C(outer_fold)",0.5,True,random_intercept,random-slope fit is singular or unconverged,True,137,928,0.247524732,0.1386123722,0.2101651489,-0.02415052519,0.5191999893,0.07414244706,0.0001479795601,0.1359980813,-0.2664033617,0.2666993208,0.9991318217,-0.083700589,0.1782993191,-0.4331608329,0.2657596549,0.638756138,0.519090559,0,0,1.17776298,2692.84187,2765.337346,0.8056872465,13.39775923,oof_a6,mixed_model_mid_repetition_cohort_effect,0.2965697882
angular_speed_p95,log,"_model_outcome ~ C(cohort, Treatment(reference='student')) * _cycle_position_centered + C(outer_fold)",0.5,True,random_intercept_slope,,True,137,928,0.3006027493,0.0954088896,0.4710827751,0.1136047619,0.4876007367,0.001628916158,0.0008133966257,0.0464250464,-0.09017802229,0.09180481554,0.9860212653,-0.03629311774,0.06081401648,-0.1554863998,0.08290016431,0.5506484644,0.29537305,0.05994820759,0.008678545403,0.638110254,454.595067,536.7566065,0.04800306243,6.026939012,oof_a6,mixed_model_mid_repetition_cohort_effect,0.0114024131
peak_rotation_phase,identity,"_model_outcome ~ C(cohort, Treatment(reference='student')) * _cycle_position_centered + C(outer_fold)",0.5,True,random_intercept_slope,,True,137,928,-0.001325519582,0.02832010892,-0.00493128498,-0.0568319131,0.05418087394,0.9626687317,-0.008445063764,0.03548605826,-0.0779964599,0.06110633237,0.8118946038,0.01557032353,0.04651643179,-0.07560020746,0.1067408545,0.7378307424,0.01895643549,0.003758985855,0.001389696996,0.2687980086,100.6918965,182.853436,0.05196355119,3.330697847,oof_a6,mixed_model_mid_repetition_cohort_effect,1
trunk_tilt_p95,identity,"_model_outcome ~ C(cohort, Treatment(reference='student')) * _cycle_position_centered + C(outer_fold)",0.5,True,random_intercept_slope,,True,137,928,0.004191879378,0.002060355514,0.3021606386,0.0001536567765,0.00823010198,0.04189700038,0.000764458639,0.001044859264,-0.001283427888,0.002812345166,0.4643896084,-0.0005104756741,0.00136904452,-0.003193753626,0.002172802278,0.709245177,0.0001366986876,2.365090996e-05,-9.15404608e-06,0.01387301601,-6474.059398,-6391.897859,2.944523055e-05,4.604299744,oof_a6,mixed_model_mid_repetition_cohort_effect,0.2513820023
wrist_lead_p95,identity,"_model_outcome ~ C(cohort, Treatment(reference='student')) * _cycle_position_centered + C(outer_fold)",0.5,True,random_intercept,random-slope fit is singular or unconverged,True,137,928,0.02891792158,0.04667533455,0.07078854469,-0.0625640531,0.1203998963,0.5355510172,-0.06858657018,0.04891595289,-0.1644600761,0.02728693575,0.1608761544,-0.01146529882,0.06413091282,-0.1371595782,0.1142289806,0.8581107655,0.05695379085,0,0,0.4085113164,776.9610161,849.4564921,0.1042322141,3.53682885,oof_a6,mixed_model_mid_repetition_cohort_effect,1
cycle_duration,log,"_model_outcome ~ C(cohort, Treatment(reference='student')) * _cycle_position_centered + C(outer_fold)",0.5,True,random_intercept_slope,,True,137,928,-0.01268123557,0.006568623787,-0.16128379,-0.02555550162,0.0001930304802,0.05353535496,0.01625965872,0.01384817451,-0.01088226457,0.04340158201,0.240340021,-0.01265210755,0.0181428606,-0.0482114609,0.02290724581,0.4855774491,0.0007432270768,0.004817240577,0.000326401297,0.07862684507,-2134.884164,-2052.722625,0.004666199883,10.28275925,oof_a6,mixed_model_mid_repetition_cohort_effect,0.2676767748
log_dimensionless_angular_jerk,identity,"_model_outcome ~ C(cohort, Treatment(reference='student')) * _cycle_position_centered + C(outer_fold)",0.5,True,random_intercept_slope,,True,137,928,0.4232891978,0.09680001431,0.5445677294,0.233564656,0.6130137396,1.226509225e-05,0.05218230655,0.08949357739,-0.123221882,0.2275864951,0.5598365023,-0.01671710902,0.1172479887,-0.2465189442,0.2130847261,0.8866226295,0.2808097068,0.186399677,0.001796908289,0.7772939434,1591.974496,1674.136035,0.206182041,5.06641773,oof_a6,mixed_model_mid_repetition_cohort_effect,9.812073797e-05
whole_body_repeatability,log,"_model_outcome ~ C(cohort, Treatment(reference='student')) * _cycle_position_centered + C(outer_fold)",0.5,True,random_intercept_slope,,True,137,928,-0.01446974199,0.04641948008,-0.03855909573,-0.1054502511,0.07651076715,0.755255592,-0.004623817079,0.05465012219,-0.1117360883,0.1024884542,0.9325733364,0.03472688286,0.07158254133,-0.1055723201,0.1750260858,0.6275836909,0.06248029683,0.08955034358,0.01527713213,0.3752614453,462.2954187,544.4569582,0.06156815159,5.952832355,oof_a6,mixed_model_mid_repetition_cohort_effect,1
trunk_axial_rotation_rom,identity,"_model_outcome ~ C(cohort, Treatment(reference='student')) * _cycle_position_centered + C(outer_fold)",0.5,True,random_intercept_slope,,True,137,928,-0.05555174599,0.03832680904,-0.2348926738,-0.1306709113,0.01956741937,0.1472195808,0.002180779753,0.01154677158,-0.02045047669,0.02481203619,0.8501987115,-0.01561752998,0.01512432605,-0.04526066432,0.01402560436,0.3017864569,0.04840580041,0.003991429534,-0.001845961297,0.236498419,-2047.023377,-1964.861838,0.002753248495,5.443362455,face,mixed_model_mid_repetition_cohort_effect,0.8833174847
angular_speed_p95,log,"_model_outcome ~ C(cohort, Treatment(reference='student')) * _cycle_position_centered + C(outer_fold)",0.5,True,random_intercept_slope,,True,137,928,-0.01113684798,0.03826023496,-0.0467322129,-0.08612553053,0.06385183458,0.7709889606,0.00674457249,0.01342971186,-0.01957717908,0.03306632406,0.615517877,-0.01313693982,0.01759496019,-0.0476224281,0.02134854846,0.4552864301,0.04793490953,0.004014160405,0.002953370361,0.2383120183,-1645.889494,-1563.727955,0.004783254016,3.551136929,face,mixed_model_mid_repetition_cohort_effect,1
peak_rotation_phase,identity,"_model_outcome ~ C(cohort, Treatment(reference='student')) * _cycle_position_centered + C(outer_fold)",0.5,True,random_intercept_slope,,True,137,928,0.0002792366426,0.02828286744,0.001104222006,-0.05515416492,0.05571263821,0.9921226167,-0.09246954916,0.0354194655,-0.1618904259,-0.02304867243,0.009035748859,0.05900589425,0.04641356328,-0.03196301818,0.1499748067,0.2036194043,0.02079882125,0.02038435629,-0.0003679699836,0.2528808891,-87.45688277,-5.295343315,0.03903287788,3.637656328,face,mixed_model_mid_repetition_cohort_effect,1
trunk_tilt_p95,identity,"_model_outcome ~ C(cohort, Treatment(reference='student')) * _cycle_position_centered + C(outer_fold)",0.5,True,random_intercept_slope,,True,137,928,0.0002728480099,0.001551902766,0.02661230435,-0.002768825519,0.003314521539,0.8604391709,0.0003671700704,0.0007184707835,-0.001041006789,0.00177534693,0.6093203569,0.0009775961649,0.000941592206,-0.0008678906471,0.002823082977,0.2991595837,7.740959984e-05,6.25927625e-06,-1.661204043e-06,0.01025270139,-6986.491827,-6904.330288,1.768413705e-05,4.161341157,face,mixed_model_mid_repetition_cohort_effect,1
wrist_lead_p95,identity,"_model_outcome ~ C(cohort, Treatment(reference='student')) * _cycle_position_centered + C(outer_fold)",0.5,True,random_intercept_slope,,True,137,928,0.02663879562,0.04845107967,0.06777253951,-0.06832357555,0.1216011668,0.5824510085,0.0958630587,0.04334866069,0.01090124497,0.1808248724,0.02700522846,-0.1132946451,0.05683034187,-0.2246800684,-0.001909221845,0.04620025892,0.06587530425,2.829050846e-05,-0.00136466782,0.393061789,599.6906681,681.8522075,0.08182347503,3.782652616,face,mixed_model_mid_repetition_cohort_effect,1
cycle_duration,log,"_model_outcome ~ C(cohort, Treatment(reference='student')) * _cycle_position_centered + C(outer_fold)",0.5,True,random_intercept_slope,,True,137,928,-0.01268123557,0.006568623787,-0.16128379,-0.02555550162,0.0001930304802,0.05353535496,0.01625965872,0.01384817451,-0.01088226457,0.04340158201,0.240340021,-0.01265210755,0.0181428606,-0.0482114609,0.02290724581,0.4855774491,0.0007432270768,0.004817240577,0.000326401297,0.07862684507,-2134.884164,-2052.722625,0.004666199883,10.28275925,face,mixed_model_mid_repetition_cohort_effect,0.3747474847
log_dimensionless_angular_jerk,identity,"_model_outcome ~ C(cohort, Treatment(reference='student')) * _cycle_position_centered + C(outer_fold)",0.5,True,random_intercept_slope,,True,137,928,0.04523015793,0.04127001424,0.1335677518,-0.03565758363,0.1261178995,0.2730976253,0.05105153429,0.04570787583,-0.03853425614,0.1406373247,0.2640332697,-0.02054115246,0.05988097782,-0.1379057123,0.09682340742,0.7315736218,0.04879171422,0.05007707607,0.003167130249,0.3386308246,281.5522128,363.7137523,0.05266906965,8.762663426,face,mixed_model_mid_repetition_cohort_effect,1
whole_body_repeatability,log,"_model_outcome ~ C(cohort, Treatment(reference='student')) * _cycle_position_centered + C(outer_fold)",0.5,True,random_intercept_slope,,True,137,928,-0.1065576732,0.04746243036,-0.2717659457,-0.1995823273,-0.01353301906,0.02476202358,0.0228108838,0.05829150546,-0.09143836751,0.1370601351,0.6955575238,-0.002645565141,0.07635151198,-0.1522917788,0.1470006485,0.9723589852,0.06452090125,0.1022573238,0.01604699942,0.3920935454,567.9249578,650.0864973,0.06975762876,5.450118204,face,mixed_model_mid_repetition_cohort_effect,0.1980961886
trunk_axial_rotation_rom,identity,"_model_outcome ~ C(cohort, Treatment(reference='student')) * _cycle_position_centered + C(outer_fold)",0.5,True,random_intercept_slope,,True,137,928,-0.01709520692,0.03192161796,-0.08795362644,-0.07966042846,0.04547001462,0.5922785925,0.006484154862,0.009080188818,-0.01131268819,0.02428099792,0.4751658889,-0.02061397529,0.01189542006,-0.04392857019,0.002700619604,0.08310743871,0.03356322109,0.002060433839,-0.0008502960496,0.1943661406,-2366.629247,-2284.467707,0.002014313347,4.845134755,side,mixed_model_mid_repetition_cohort_effect,0.5922785925
angular_speed_p95,log,"_model_outcome ~ C(cohort, Treatment(reference='student')) * _cycle_position_centered + C(outer_fold)",0.5,True,random_intercept_slope,,True,137,928,0.08427278103,0.0311041648,0.4053539177,0.02330973825,0.1452358238,0.006741052864,-0.01934810207,0.01454698939,-0.04785967736,0.009163473207,0.1835045419,0.009077856479,0.01906451862,-0.0282879134,0.04644362636,0.6339568334,0.03109082156,0.002711841843,0.002814530487,0.2078992637,-1418.863053,-1336.701513,0.007141231429,4.112323348,side,mixed_model_mid_repetition_cohort_effect,0.03370526432
peak_rotation_phase,identity,"_model_outcome ~ C(cohort, Treatment(reference='student')) * _cycle_position_centered + C(outer_fold)",0.5,True,random_intercept,random-slope fit is singular or unconverged,True,137,928,-0.1155686967,0.02322283753,-0.4918857218,-0.1610846219,-0.07005277149,6.47407395e-07,0.006232868285,0.02948191325,-0.05155061988,0.06401635645,0.8325647869,0.0006986105749,0.0386520531,-0.07505802143,0.07645524258,0.9855795437,0.01231587884,0,0,0.2349502975,-215.2660625,-142.7705865,0.03786275879,3.545433555,side,mixed_model_mid_repetition_cohort_effect,4.531851765e-06
trunk_tilt_p95,identity,"_model_outcome ~ C(cohort, Treatment(reference='student')) * _cycle_position_centered + C(outer_fold)",0.5,True,random_intercept_slope,,True,137,928,0.007794223328,0.002508309422,0.4631346978,0.0028780272,0.01271041946,0.001887656165,-4.799492823e-05,0.00127749547,-0.002551840039,0.002455850183,0.9700308874,0.0005286333638,0.001673617723,-0.002751597098,0.003808863826,0.7521067469,0.0002033394584,4.239065706e-05,7.830551214e-06,0.01682927962,-6186.550616,-6104.389076,3.863949847e-05,4.267152971,side,mixed_model_mid_repetition_cohort_effect,0.01132593699
wrist_lead_p95,identity,"_model_outcome ~ C(cohort, Treatment(reference='student')) * _cycle_position_centered + C(outer_fold)",0.5,True,random_intercept_slope,,True,137,928,0.290122345,0.04315968878,0.7209328897,0.2055309095,0.3747137806,1.791638057e-11,0.0121757929,0.04417760222,-0.07441071638,0.09876230217,0.7828475595,-0.06499431219,0.05791307763,-0.1785018586,0.04851323419,0.2617461709,0.04948369211,0.001554703754,0.008769024172,0.4024262857,587.4400614,669.6016008,0.08381473871,4.038846749,side,mixed_model_mid_repetition_cohort_effect,1.433310445e-10
cycle_duration,log,"_model_outcome ~ C(cohort, Treatment(reference='student')) * _cycle_position_centered + C(outer_fold)",0.5,True,random_intercept_slope,,True,137,928,-0.01268123557,0.006568623787,-0.16128379,-0.02555550162,0.0001930304802,0.05353535496,0.01625965872,0.01384817451,-0.01088226457,0.04340158201,0.240340021,-0.01265210755,0.0181428606,-0.0482114609,0.02290724581,0.4855774491,0.0007432270768,0.004817240577,0.000326401297,0.07862684507,-2134.884164,-2052.722625,0.004666199883,10.28275925,side,mixed_model_mid_repetition_cohort_effect,0.2141414198
log_dimensionless_angular_jerk,identity,"_model_outcome ~ C(cohort, Treatment(reference='student')) * _cycle_position_centered + C(outer_fold)",0.5,True,random_intercept_slope,,True,137,928,0.06456559142,0.04194826563,0.1853411952,-0.01765149843,0.1467826813,0.1237623374,0.02326522511,0.0439117631,-0.06280024906,0.1093306993,0.5962383985,0.00438052562,0.05754211522,-0.1083999478,0.117160999,0.9393178243,0.04988741083,0.03404224271,-0.001750829088,0.3483607158,337.5140288,419.6755683,0.05792653957,8.11813128,side,mixed_model_mid_repetition_cohort_effect,0.2475246749
whole_body_repeatability,log,"_model_outcome ~ C(cohort, Treatment(reference='student')) * _cycle_position_centered + C(outer_fold)",0.5,True,random_intercept_slope,,True,137,928,-0.080176259,0.04613873104,-0.2130989931,-0.1706065101,0.01025399212,0.082259921,-0.03484418377,0.05533995511,-0.1433085027,0.07362013515,0.528930922,0.0548513201,0.07248532319,-0.08721730277,0.196919943,0.449215759,0.0614746844,0.09262299223,0.0128077326,0.3762395019,474.942158,557.1036974,0.06252273128,5.649295988,side,mixed_model_mid_repetition_cohort_effect,0.246779763
trunk_axial_rotation_rom,identity,"_model_outcome ~ C(cohort, Treatment(reference='student')) * _cycle_position_centered + C(outer_fold)",0.5,True,random_intercept_slope,,True,137,928,-0.03035295803,0.03345772742,-0.1481116448,-0.09592889878,0.03522298272,0.3642993416,0.002446770373,0.009336663706,-0.01585275423,0.02074629497,0.7932748311,-0.01731533385,0.01223099378,-0.04128764115,0.006656973455,0.1568653711,0.03689290231,0.00226141597,-0.001228355474,0.2049329617,-2329.969769,-2247.80823,0.002066297371,5.424652551,deterministic,mixed_model_mid_repetition_cohort_effect,0.7285986831
angular_speed_p95,log,"_model_outcome ~ C(cohort, Treatment(reference='student')) * _cycle_position_centered + C(outer_fold)",0.5,True,random_intercept_slope,,True,137,928,0.08913218707,0.03202393133,0.4286826203,0.02636643501,0.1518979391,0.005380913493,0.01189514403,0.01353872243,-0.01464026433,0.03843055239,0.3796172944,-0.02806337434,0.01773398711,-0.06282135037,0.006694601695,0.1135439653,0.03349656493,0.005304709408,0.0003172875306,0.2079211586,-1819.57579,-1737.41425,0.003924598191,3.86276239,deterministic,mixed_model_mid_repetition_cohort_effect,0.03228548096
peak_rotation_phase,identity,"_model_outcome ~ C(cohort, Treatment(reference='student')) * _cycle_position_centered + C(outer_fold)",0.5,True,random_intercept_slope,,True,137,928,-0.07910500272,0.02307832621,-0.3326773863,-0.1243376909,-0.03387231452,0.0006087737002,-0.05266192923,0.03318993677,-0.11771301,0.0123891515,0.1125843166,0.05933059355,0.04350127388,-0.02593033654,0.1445915236,0.1726047855,0.01173072105,0.01000306996,-0.000679246429,0.2377829271,-139.6111782,-57.44963876,0.04032012654,3.540227319,deterministic,mixed_model_mid_repetition_cohort_effect,0.004261415901
trunk_tilt_p95,identity,"_model_outcome ~ C(cohort, Treatment(reference='student')) * _cycle_position_centered + C(outer_fold)",0.5,True,random_intercept_slope,,True,137,928,0.004081663506,0.002050069374,0.2985081652,6.360136774e-05,0.008099725645,0.0464822074,0.001001003301,0.001069925929,-0.001096012987,0.003098019588,0.3494885132,-0.0005920667871,0.001401770823,-0.003339487115,0.002155353541,0.672754532,0.0001354785423,2.830293419e-05,-1.133956322e-06,0.01367354057,-6496.0312,-6413.869661,2.819670784e-05,3.814656039,deterministic,mixed_model_mid_repetition_cohort_effect,0.232411037
wrist_lead_p95,identity,"_model_outcome ~ C(cohort, Treatment(reference='student')) * _cycle_position_centered + C(outer_fold)",0.5,True,random_intercept_slope,,True,137,928,0.1964800479,0.04072734033,0.5024675567,0.1166559277,0.2763041681,1.405107003e-06,0.01775756067,0.04696802978,-0.07429808613,0.1098132075,0.7053729371,-0.08413587073,0.06157368543,-0.2048180766,0.03654633512,0.1718053639,0.04105471191,0.001492532145,0.007827672279,0.3910303168,670.2432787,752.4048182,0.09494754163,3.950331764,deterministic,mixed_model_mid_repetition_cohort_effect,1.124085603e-05
cycle_duration,log,"_model_outcome ~ C(cohort, Treatment(reference='student')) * _cycle_position_centered + C(outer_fold)",0.5,True,random_intercept_slope,,True,137,928,-0.01268123557,0.006568623787,-0.16128379,-0.02555550162,0.0001930304802,0.05353535496,0.01625965872,0.01384817451,-0.01088226457,0.04340158201,0.240340021,-0.01265210755,0.0181428606,-0.0482114609,0.02290724581,0.4855774491,0.0007432270768,0.004817240577,0.000326401297,0.07862684507,-2134.884164,-2052.722625,0.004666199883,10.28275925,deterministic,mixed_model_mid_repetition_cohort_effect,0.232411037
log_dimensionless_angular_jerk,identity,"_model_outcome ~ C(cohort, Treatment(reference='student')) * _cycle_position_centered + C(outer_fold)",0.5,True,random_intercept_slope,,True,137,928,0.06566887003,0.03634769241,0.204826832,-0.005571298019,0.1369090381,0.07081123885,0.04399953618,0.0435706358,-0.04139734077,0.1293964131,0.3125701344,-0.01203392737,0.05708989608,-0.1239280676,0.09986021284,0.8330518505,0.03598682421,0.03824539723,0.002636408276,0.320606775,242.8815687,325.0431081,0.05341194803,8.898367266,deterministic,mixed_model_mid_repetition_cohort_effect,0.232411037
whole_body_repeatability,log,"_model_outcome ~ C(cohort, Treatment(reference='student')) * _cycle_position_centered + C(outer_fold)",0.5,True,random_intercept_slope,,True,137,928,-0.02505742883,0.04839764645,-0.0636117603,-0.1199150728,0.06980021515,0.6046392337,-0.003026736354,0.05725994959,-0.1152541753,0.1092007026,0.9578437972,0.02718441944,0.07500227767,-0.1198173436,0.1741861824,0.7170173362,0.06761550155,0.0964962948,0.01479753882,0.3939118916,561.3603747,643.5219142,0.06897245653,5.775584081,deterministic,mixed_model_mid_repetition_cohort_effect,0.7285986831
